{"services": {"0": {"stops": [{"time": 329, "station": "Retiro", "type": "D"}, {"time": 353, "station": "Tigre", "type": "A"}], "demand": [243]}, "1": {"stops": [{"time": 423, "station": "Tigre", "type": "D"}, {"time": 447, "station": "Retiro", "type": "A"}], "demand": [126]}, "2": {"stops": [{"time": 514, "station": "Retiro", "type": "D"}, {"time": 538, "station": "Tigre", "type": "A"}], "demand": [338]}, "3": {"stops": [{"time": 663, "station": "Tigre", "type": "D"}, {"time": 687, "station": "Retiro", "type": "A"}], "demand": [320]}, "4": {"stops": [{"time": 802, "station": "Retiro", "type": "D"}, {"time": 826, "station": "Tigre", "type": "A"}], "demand": [122]}, "5": {"stops": [{"time": 329, "station": "Tigre", "type": "D"}, {"time": 353, "station": "Retiro", "type": "A"}], "demand": [459]}, "6": {"stops": [{"time": 428, "station": "Retiro", "type": "D"}, {"time": 452, "station": "Tigre", "type": "A"}], "demand": [225]}, "7": {"stops": [{"time": 562, "station": "Tigre", "type": "D"}, {"time": 586, "station": "Retiro", "type": "A"}], "demand": [390]}, "8": {"stops": [{"time": 662, "station": "Retiro", "type": "D"}, {"time": 686, "station": "Tigre", "type": "A"}], "demand": [306]}, "9": {"stops": [{"time": 790, "station": "Tigre", "type": "D"}, {"time": 814, "station": "Retiro", "type": "A"}], "demand": [42]}}, "stations": ["Retiro", "Tigre"], "cost_per_unit": {"Tigre": 1.0, "Retiro": 1.0}, "rs_info": {"capacity": 100, "max_rs": 5}}