{"services": {"0": {"stops": [{"time": 313, "station": "Retiro", "type": "D"}, {"time": 337, "station": "Tigre", "type": "A"}], "demand": [301]}, "1": {"stops": [{"time": 424, "station": "Tigre", "type": "D"}, {"time": 448, "station": "Retiro", "type": "A"}], "demand": [206]}, "2": {"stops": [{"time": 548, "station": "Retiro", "type": "D"}, {"time": 572, "station": "Tigre", "type": "A"}], "demand": [176]}, "3": {"stops": [{"time": 630, "station": "Tigre", "type": "D"}, {"time": 654, "station": "Retiro", "type": "A"}], "demand": [389]}, "4": {"stops": [{"time": 756, "station": "Retiro", "type": "D"}, {"time": 780, "station": "Tigre", "type": "A"}], "demand": [111]}, "5": {"stops": [{"time": 272, "station": "Tigre", "type": "D"}, {"time": 296, "station": "Retiro", "type": "A"}], "demand": [278]}, "6": {"stops": [{"time": 403, "station": "Retiro", "type": "D"}, {"time": 427, "station": "Tigre", "type": "A"}], "demand": [116]}, "7": {"stops": [{"time": 525, "station": "Tigre", "type": "D"}, {"time": 549, "station": "Retiro", "type": "A"}], "demand": [240]}, "8": {"stops": [{"time": 640, "station": "Retiro", "type": "D"}, {"time": 664, "station": "Tigre", "type": "A"}], "demand": [253]}, "9": {"stops": [{"time": 788, "station": "Tigre", "type": "D"}, {"time": 812, "station": "Retiro", "type": "A"}], "demand": [284]}}, "stations": ["Retiro", "Tigre"], "cost_per_unit": {"Tigre": 1.0, "Retiro": 1.0}, "rs_info": {"capacity": 100, "max_rs": 5}}