{"services": {"0": {"stops": [{"time": 307, "station": "Retiro", "type": "D"}, {"time": 331, "station": "Tigre", "type": "A"}], "demand": [339]}, "1": {"stops": [{"time": 404, "station": "Tigre", "type": "D"}, {"time": 428, "station": "Retiro", "type": "A"}], "demand": [230]}, "2": {"stops": [{"time": 525, "station": "Retiro", "type": "D"}, {"time": 549, "station": "Tigre", "type": "A"}], "demand": [152]}, "3": {"stops": [{"time": 650, "station": "Tigre", "type": "D"}, {"time": 674, "station": "Retiro", "type": "A"}], "demand": [463]}, "4": {"stops": [{"time": 790, "station": "Retiro", "type": "D"}, {"time": 814, "station": "Tigre", "type": "A"}], "demand": [23]}, "5": {"stops": [{"time": 309, "station": "Tigre", "type": "D"}, {"time": 333, "station": "Retiro", "type": "A"}], "demand": [267]}, "6": {"stops": [{"time": 422, "station": "Retiro", "type": "D"}, {"time": 446, "station": "Tigre", "type": "A"}], "demand": [352]}, "7": {"stops": [{"time": 526, "station": "Tigre", "type": "D"}, {"time": 550, "station": "Retiro", "type": "A"}], "demand": [248]}, "8": {"stops": [{"time": 635, "station": "Retiro", "type": "D"}, {"time": 659, "station": "Tigre", "type": "A"}], "demand": [390]}, "9": {"stops": [{"time": 794, "station": "Tigre", "type": "D"}, {"time": 818, "station": "Retiro", "type": "A"}], "demand": [215]}}, "stations": ["Retiro", "Tigre"], "cost_per_unit": {"Tigre": 1.0, "Retiro": 1.0}, "rs_info": {"capacity": 100, "max_rs": 5}}