{"services": {"0": {"stops": [{"time": 287, "station": "Retiro", "type": "D"}, {"time": 311, "station": "Tigre", "type": "A"}], "demand": [176]}, "1": {"stops": [{"time": 419, "station": "Tigre", "type": "D"}, {"time": 443, "station": "Retiro", "type": "A"}], "demand": [240]}, "2": {"stops": [{"time": 535, "station": "Retiro", "type": "D"}, {"time": 559, "station": "Tigre", "type": "A"}], "demand": [30]}, "3": {"stops": [{"time": 652, "station": "Tigre", "type": "D"}, {"time": 676, "station": "Retiro", "type": "A"}], "demand": [291]}, "4": {"stops": [{"time": 754, "station": "Retiro", "type": "D"}, {"time": 778, "station": "Tigre", "type": "A"}], "demand": [215]}, "5": {"stops": [{"time": 322, "station": "Tigre", "type": "D"}, {"time": 346, "station": "Retiro", "type": "A"}], "demand": [177]}, "6": {"stops": [{"time": 396, "station": "Retiro", "type": "D"}, {"time": 420, "station": "Tigre", "type": "A"}], "demand": [140]}, "7": {"stops": [{"time": 566, "station": "Tigre", "type": "D"}, {"time": 590, "station": "Retiro", "type": "A"}], "demand": [345]}, "8": {"stops": [{"time": 664, "station": "Retiro", "type": "D"}, {"time": 688, "station": "Tigre", "type": "A"}], "demand": [361]}, "9": {"stops": [{"time": 766, "station": "Tigre", "type": "D"}, {"time": 790, "station": "Retiro", "type": "A"}], "demand": [110]}}, "stations": ["Retiro", "Tigre"], "cost_per_unit": {"Tigre": 1.0, "Retiro": 1.0}, "rs_info": {"capacity": 100, "max_rs": 5}}