{"services": {"0": {"stops": [{"time": 314, "station": "Retiro", "type": "D"}, {"time": 338, "station": "Tigre", "type": "A"}], "demand": [144]}, "1": {"stops": [{"time": 413, "station": "Tigre", "type": "D"}, {"time": 437, "station": "Retiro", "type": "A"}], "demand": [284]}, "2": {"stops": [{"time": 549, "station": "Retiro", "type": "D"}, {"time": 573, "station": "Tigre", "type": "A"}], "demand": [16]}, "3": {"stops": [{"time": 684, "station": "Tigre", "type": "D"}, {"time": 708, "station": "Retiro", "type": "A"}], "demand": [167]}, "4": {"stops": [{"time": 769, "station": "Retiro", "type": "D"}, {"time": 793, "station": "Tigre", "type": "A"}], "demand": [264]}, "5": {"stops": [{"time": 302, "station": "Tigre", "type": "D"}, {"time": 326, "station": "Retiro", "type": "A"}], "demand": [132]}, "6": {"stops": [{"time": 415, "station": "Retiro", "type": "D"}, {"time": 439, "station": "Tigre", "type": "A"}], "demand": [8]}, "7": {"stops": [{"time": 538, "station": "Tigre", "type": "D"}, {"time": 562, "station": "Retiro", "type": "A"}], "demand": [270]}, "8": {"stops": [{"time": 640, "station": "Retiro", "type": "D"}, {"time": 664, "station": "Tigre", "type": "A"}], "demand": [0]}, "9": {"stops": [{"time": 778, "station": "Tigre", "type": "D"}, {"time": 802, "station": "Retiro", "type": "A"}], "demand": [133]}}, "stations": ["Retiro", "Tigre"], "cost_per_unit": {"Tigre": 1.0, "Retiro": 1.0}, "rs_info": {"capacity": 100, "max_rs": 5}}