{"services": {"0": {"stops": [{"time": 286, "station": "Retiro", "type": "D"}, {"time": 310, "station": "Tigre", "type": "A"}], "demand": [284]}, "1": {"stops": [{"time": 437, "station": "Tigre", "type": "D"}, {"time": 461, "station": "Retiro", "type": "A"}], "demand": [194]}, "2": {"stops": [{"time": 566, "station": "Retiro", "type": "D"}, {"time": 590, "station": "Tigre", "type": "A"}], "demand": [211]}, "3": {"stops": [{"time": 675, "station": "Tigre", "type": "D"}, {"time": 699, "station": "Retiro", "type": "A"}], "demand": [259]}, "4": {"stops": [{"time": 761, "station": "Retiro", "type": "D"}, {"time": 785, "station": "Tigre", "type": "A"}], "demand": [290]}, "5": {"stops": [{"time": 309, "station": "Tigre", "type": "D"}, {"time": 333, "station": "Retiro", "type": "A"}], "demand": [231]}, "6": {"stops": [{"time": 407, "station": "Retiro", "type": "D"}, {"time": 431, "station": "Tigre", "type": "A"}], "demand": [201]}, "7": {"stops": [{"time": 543, "station": "Tigre", "type": "D"}, {"time": 567, "station": "Retiro", "type": "A"}], "demand": [148]}, "8": {"stops": [{"time": 658, "station": "Retiro", "type": "D"}, {"time": 682, "station": "Tigre", "type": "A"}], "demand": [348]}, "9": {"stops": [{"time": 760, "station": "Tigre", "type": "D"}, {"time": 784, "station": "Retiro", "type": "A"}], "demand": [200]}}, "stations": ["Retiro", "Tigre"], "cost_per_unit": {"Tigre": 1.0, "Retiro": 1.0}, "rs_info": {"capacity": 100, "max_rs": 5}}