{"services": {"0": {"stops": [{"time": 286, "station": "Retiro", "type": "D"}, {"time": 310, "station": "Tigre", "type": "A"}], "demand": [229]}, "1": {"stops": [{"time": 399, "station": "Tigre", "type": "D"}, {"time": 423, "station": "Retiro", "type": "A"}], "demand": [258]}, "2": {"stops": [{"time": 523, "station": "Retiro", "type": "D"}, {"time": 547, "station": "Tigre", "type": "A"}], "demand": [143]}, "3": {"stops": [{"time": 664, "station": "Tigre", "type": "D"}, {"time": 688, "station": "Retiro", "type": "A"}], "demand": [337]}, "4": {"stops": [{"time": 808, "station": "Retiro", "type": "D"}, {"time": 832, "station": "Tigre", "type": "A"}], "demand": [278]}, "5": {"stops": [{"time": 326, "station": "Tigre", "type": "D"}, {"time": 350, "station": "Retiro", "type": "A"}], "demand": [363]}, "6": {"stops": [{"time": 431, "station": "Retiro", "type": "D"}, {"time": 455, "station": "Tigre", "type": "A"}], "demand": [142]}, "7": {"stops": [{"time": 519, "station": "Tigre", "type": "D"}, {"time": 543, "station": "Retiro", "type": "A"}], "demand": [304]}, "8": {"stops": [{"time": 638, "station": "Retiro", "type": "D"}, {"time": 662, "station": "Tigre", "type": "A"}], "demand": [175]}, "9": {"stops": [{"time": 770, "station": "Tigre", "type": "D"}, {"time": 794, "station": "Retiro", "type": "A"}], "demand": [195]}}, "stations": ["Retiro", "Tigre"], "cost_per_unit": {"Tigre": 1.0, "Retiro": 1.0}, "rs_info": {"capacity": 100, "max_rs": 5}}