{"services": {"0": {"stops": [{"time": 283, "station": "Retiro", "type": "D"}, {"time": 307, "station": "Tigre", "type": "A"}], "demand": [304]}, "1": {"stops": [{"time": 426, "station": "Tigre", "type": "D"}, {"time": 450, "station": "Retiro", "type": "A"}], "demand": [151]}, "2": {"stops": [{"time": 561, "station": "Retiro", "type": "D"}, {"time": 585, "station": "Tigre", "type": "A"}], "demand": [187]}, "3": {"stops": [{"time": 645, "station": "Tigre", "type": "D"}, {"time": 669, "station": "Retiro", "type": "A"}], "demand": [156]}, "4": {"stops": [{"time": 789, "station": "Retiro", "type": "D"}, {"time": 813, "station": "Tigre", "type": "A"}], "demand": [268]}, "5": {"stops": [{"time": 302, "station": "Tigre", "type": "D"}, {"time": 326, "station": "Retiro", "type": "A"}], "demand": [76]}, "6": {"stops": [{"time": 420, "station": "Retiro", "type": "D"}, {"time": 444, "station": "Tigre", "type": "A"}], "demand": [81]}, "7": {"stops": [{"time": 560, "station": "Tigre", "type": "D"}, {"time": 584, "station": "Retiro", "type": "A"}], "demand": [0]}, "8": {"stops": [{"time": 689, "station": "Retiro", "type": "D"}, {"time": 713, "station": "Tigre", "type": "A"}], "demand": [410]}, "9": {"stops": [{"time": 801, "station": "Tigre", "type": "D"}, {"time": 825, "station": "Retiro", "type": "A"}], "demand": [73]}}, "stations": ["Retiro", "Tigre"], "cost_per_unit": {"Tigre": 1.0, "Retiro": 1.0}, "rs_info": {"capacity": 100, "max_rs": 5}}