{"services": {"0": {"stops": [{"time": 283, "station": "Retiro", "type": "D"}, {"time": 307, "station": "Tigre", "type": "A"}], "demand": [256]}, "1": {"stops": [{"time": 413, "station": "Tigre", "type": "D"}, {"time": 437, "station": "Retiro", "type": "A"}], "demand": [131]}, "2": {"stops": [{"time": 522, "station": "Retiro", "type": "D"}, {"time": 546, "station": "Tigre", "type": "A"}], "demand": [223]}, "3": {"stops": [{"time": 670, "station": "Tigre", "type": "D"}, {"time": 694, "station": "Retiro", "type": "A"}], "demand": [390]}, "4": {"stops": [{"time": 773, "station": "Retiro", "type": "D"}, {"time": 797, "station": "Tigre", "type": "A"}], "demand": [414]}, "5": {"stops": [{"time": 315, "station": "Tigre", "type": "D"}, {"time": 339, "station": "Retiro", "type": "A"}], "demand": [455]}, "6": {"stops": [{"time": 438, "station": "Retiro", "type": "D"}, {"time": 462, "station": "Tigre", "type": "A"}], "demand": [264]}, "7": {"stops": [{"time": 564, "station": "Tigre", "type": "D"}, {"time": 588, "station": "Retiro", "type": "A"}], "demand": [107]}, "8": {"stops": [{"time": 673, "station": "Retiro", "type": "D"}, {"time": 697, "station": "Tigre", "type": "A"}], "demand": [364]}, "9": {"stops": [{"time": 779, "station": "Tigre", "type": "D"}, {"time": 803, "station": "Retiro", "type": "A"}], "demand": [361]}}, "stations": ["Retiro", "Tigre"], "cost_per_unit": {"Tigre": 1.0, "Retiro": 1.0}, "rs_info": {"capacity": 100, "max_rs": 5}}