service id,hora,origen,tipo,hora,destino,tipo,demanda (pax)
0,285,Retiro,D,309,Tigre,A,1124
1,441,Tigre,D,465,Retiro,A,857
2,538,Retiro,D,562,Tigre,A,840
3,653,Tigre,D,677,Retiro,A,793
4,756,Retiro,D,780,Tigre,A,768
5,904,Tigre,D,928,Retiro,A,908
6,1043,Retiro,D,1067,Tigre,A,1287
7,1133,Tigre,D,1157,Retiro,A,1076
8,1274,Retiro,D,1298,Tigre,A,870
9,1365,Tigre,D,1389,Retiro,A,1384
10,1501,Retiro,D,1525,Tigre,A,1188
11,1626,Tigre,D,1650,Retiro,A,867
12,1731,Retiro,D,1755,Tigre,A,1247
13,1861,Tigre,D,1885,Retiro,A,983
14,1997,Retiro,D,2021,Tigre,A,1176
15,2080,Tigre,D,2104,Retiro,A,1054
16,2233,Retiro,D,2257,Tigre,A,890
17,2349,Tigre,D,2373,Retiro,A,710
18,2457,Retiro,D,2481,Tigre,A,786
19,2591,Tigre,D,2615,Retiro,A,807
20,2710,Retiro,D,2734,Tigre,A,884
21,2838,Tigre,D,2862,Retiro,A,898
22,2925,Retiro,D,2949,Tigre,A,835
23,3062,Tigre,D,3086,Retiro,A,895
24,3207,Retiro,D,3231,Tigre,A,1079
25,3326,Tigre,D,3350,Retiro,A,976
26,3397,Retiro,D,3421,Tigre,A,1180
27,3550,Tigre,D,3574,Retiro,A,1199
28,3668,Retiro,D,3692,Tigre,A,1068
29,3787,Tigre,D,3811,Retiro,A,898
30,3923,Retiro,D,3947,Tigre,A,861
31,4025,Tigre,D,4049,Retiro,A,983
32,4168,Retiro,D,4192,Tigre,A,822
33,4239,Tigre,D,4263,Retiro,A,1535
34,4406,Retiro,D,4430,Tigre,A,791
35,4516,Tigre,D,4540,Retiro,A,1010
36,4618,Retiro,D,4642,Tigre,A,1102
37,4721,Tigre,D,4745,Retiro,A,1066
38,4850,Retiro,D,4874,Tigre,A,943
39,4951,Tigre,D,4975,Retiro,A,1245
40,5113,Retiro,D,5137,Tigre,A,1071
41,5231,Tigre,D,5255,Retiro,A,922
42,5354,Retiro,D,5378,Tigre,A,1046
43,5468,Tigre,D,5492,Retiro,A,865
44,5585,Retiro,D,5609,Tigre,A,730
45,5694,Tigre,D,5718,Retiro,A,1090
46,5832,Retiro,D,5856,Tigre,A,1259
47,5954,Tigre,D,5978,Retiro,A,1118
48,6043,Retiro,D,6067,Tigre,A,766
49,6196,Tigre,D,6220,Retiro,A,626
50,6295,Retiro,D,6319,Tigre,A,903
51,6429,Tigre,D,6453,Retiro,A,991
52,6547,Retiro,D,6571,Tigre,A,873
53,6666,Tigre,D,6690,Retiro,A,680
54,6804,Retiro,D,6828,Tigre,A,992
55,6929,Tigre,D,6953,Retiro,A,1777
56,7033,Retiro,D,7057,Tigre,A,885
57,7147,Tigre,D,7171,Retiro,A,1228
58,7261,Retiro,D,7285,Tigre,A,1353
59,7394,Tigre,D,7418,Retiro,A,1125
60,7489,Retiro,D,7513,Tigre,A,686
61,7629,Tigre,D,7653,Retiro,A,948
62,7751,Retiro,D,7775,Tigre,A,754
63,7838,Tigre,D,7862,Retiro,A,915
64,7983,Retiro,D,8007,Tigre,A,1141
65,8110,Tigre,D,8134,Retiro,A,833
66,8220,Retiro,D,8244,Tigre,A,851
67,8331,Tigre,D,8355,Retiro,A,1259
68,8469,Retiro,D,8493,Tigre,A,578
69,8593,Tigre,D,8617,Retiro,A,1328
70,8683,Retiro,D,8707,Tigre,A,724
71,8819,Tigre,D,8843,Retiro,A,967
72,8943,Retiro,D,8967,Tigre,A,1181
73,9043,Tigre,D,9067,Retiro,A,957
74,9167,Retiro,D,9191,Tigre,A,940
75,9308,Tigre,D,9332,Retiro,A,1065
76,9414,Retiro,D,9438,Tigre,A,1148
77,9544,Tigre,D,9568,Retiro,A,1134
78,9663,Retiro,D,9687,Tigre,A,811
79,9791,Tigre,D,9815,Retiro,A,1236
80,9881,Retiro,D,9905,Tigre,A,1335
81,9998,Tigre,D,10022,Retiro,A,1165
82,10146,Retiro,D,10170,Tigre,A,1276
83,10257,Tigre,D,10281,Retiro,A,928
84,10351,Retiro,D,10375,Tigre,A,883
85,10525,Tigre,D,10549,Retiro,A,947
86,10601,Retiro,D,10625,Tigre,A,972
87,10710,Tigre,D,10734,Retiro,A,1160
88,10836,Retiro,D,10860,Tigre,A,570
89,10964,Tigre,D,10988,Retiro,A,1023
90,11070,Retiro,D,11094,Tigre,A,1016
91,11222,Tigre,D,11246,Retiro,A,1061
92,11319,Retiro,D,11343,Tigre,A,858
93,11486,Tigre,D,11510,Retiro,A,1106
94,11566,Retiro,D,11590,Tigre,A,1081
95,11721,Tigre,D,11745,Retiro,A,1177
96,11847,Retiro,D,11871,Tigre,A,1025
97,11938,Tigre,D,11962,Retiro,A,999
98,12071,Retiro,D,12095,Tigre,A,1527
99,12199,Tigre,D,12223,Retiro,A,978
100,12309,Retiro,D,12333,Tigre,A,948
101,12418,Tigre,D,12442,Retiro,A,862
102,12562,Retiro,D,12586,Tigre,A,1011
103,12673,Tigre,D,12697,Retiro,A,796
104,12763,Retiro,D,12787,Tigre,A,1075
105,12928,Tigre,D,12952,Retiro,A,996
106,13045,Retiro,D,13069,Tigre,A,767
107,13118,Tigre,D,13142,Retiro,A,824
108,13279,Retiro,D,13303,Tigre,A,919
109,13386,Tigre,D,13410,Retiro,A,617
110,13485,Retiro,D,13509,Tigre,A,607
111,13610,Tigre,D,13634,Retiro,A,896
112,13717,Retiro,D,13741,Tigre,A,991
113,13884,Tigre,D,13908,Retiro,A,1286
114,13971,Retiro,D,13995,Tigre,A,1006
115,14086,Tigre,D,14110,Retiro,A,686
116,14231,Retiro,D,14255,Tigre,A,978
117,14346,Tigre,D,14370,Retiro,A,1001
118,14486,Retiro,D,14510,Tigre,A,1089
119,14580,Tigre,D,14604,Retiro,A,909
120,14681,Retiro,D,14705,Tigre,A,1067
121,14822,Tigre,D,14846,Retiro,A,1142
122,14914,Retiro,D,14938,Tigre,A,877
123,15087,Tigre,D,15111,Retiro,A,1288
124,15176,Retiro,D,15200,Tigre,A,1469
125,15308,Tigre,D,15332,Retiro,A,815
126,15438,Retiro,D,15462,Tigre,A,1109
127,15525,Tigre,D,15549,Retiro,A,807
128,15636,Retiro,D,15660,Tigre,A,1166
129,15794,Tigre,D,15818,Retiro,A,920
130,15870,Retiro,D,15894,Tigre,A,1011
131,16048,Tigre,D,16072,Retiro,A,948
132,16169,Retiro,D,16193,Tigre,A,815
133,16251,Tigre,D,16275,Retiro,A,999
134,16388,Retiro,D,16412,Tigre,A,1209
135,16511,Tigre,D,16535,Retiro,A,996
136,16627,Retiro,D,16651,Tigre,A,1061
137,16734,Tigre,D,16758,Retiro,A,1218
138,16881,Retiro,D,16905,Tigre,A,1028
139,16954,Tigre,D,16978,Retiro,A,999
140,17070,Retiro,D,17094,Tigre,A,931
141,17213,Tigre,D,17237,Retiro,A,922
142,17344,Retiro,D,17368,Tigre,A,699
143,17473,Tigre,D,17497,Retiro,A,1018
144,17600,Retiro,D,17624,Tigre,A,1171
145,17691,Tigre,D,17715,Retiro,A,1199
146,17794,Retiro,D,17818,Tigre,A,1197
147,17936,Tigre,D,17960,Retiro,A,967
148,18043,Retiro,D,18067,Tigre,A,824
149,18151,Tigre,D,18175,Retiro,A,1181
150,18280,Retiro,D,18304,Tigre,A,844
151,18407,Tigre,D,18431,Retiro,A,994
152,18561,Retiro,D,18585,Tigre,A,1205
153,18679,Tigre,D,18703,Retiro,A,982
154,18779,Retiro,D,18803,Tigre,A,1130
155,18916,Tigre,D,18940,Retiro,A,694
156,19043,Retiro,D,19067,Tigre,A,941
157,19148,Tigre,D,19172,Retiro,A,1132
158,19241,Retiro,D,19265,Tigre,A,1044
159,19393,Tigre,D,19417,Retiro,A,828
160,19492,Retiro,D,19516,Tigre,A,1145
161,19595,Tigre,D,19619,Retiro,A,1054
162,19756,Retiro,D,19780,Tigre,A,772
163,19857,Tigre,D,19881,Retiro,A,1178
164,19980,Retiro,D,20004,Tigre,A,915
165,20104,Tigre,D,20128,Retiro,A,942
166,20201,Retiro,D,20225,Tigre,A,1013
167,20351,Tigre,D,20375,Retiro,A,1096
168,20474,Retiro,D,20498,Tigre,A,1265
169,20600,Tigre,D,20624,Retiro,A,1027
170,20671,Retiro,D,20695,Tigre,A,906
171,20848,Tigre,D,20872,Retiro,A,641
172,20934,Retiro,D,20958,Tigre,A,783
173,21087,Tigre,D,21111,Retiro,A,944
174,21181,Retiro,D,21205,Tigre,A,1056
175,21285,Tigre,D,21309,Retiro,A,1084
176,21404,Retiro,D,21428,Tigre,A,856
177,21559,Tigre,D,21583,Retiro,A,822
178,21681,Retiro,D,21705,Tigre,A,1339
179,21783,Tigre,D,21807,Retiro,A,1025
180,21921,Retiro,D,21945,Tigre,A,901
181,22006,Tigre,D,22030,Retiro,A,846
182,22151,Retiro,D,22175,Tigre,A,996
183,22242,Tigre,D,22266,Retiro,A,880
184,22388,Retiro,D,22412,Tigre,A,831
185,22476,Tigre,D,22500,Retiro,A,1027
186,22602,Retiro,D,22626,Tigre,A,997
187,22744,Tigre,D,22768,Retiro,A,672
188,22843,Retiro,D,22867,Tigre,A,833
189,22969,Tigre,D,22993,Retiro,A,824
190,23114,Retiro,D,23138,Tigre,A,1100
191,23240,Tigre,D,23264,Retiro,A,804
192,23334,Retiro,D,23358,Tigre,A,644
193,23456,Tigre,D,23480,Retiro,A,802
194,23596,Retiro,D,23620,Tigre,A,910
195,23702,Tigre,D,23726,Retiro,A,1252
196,23842,Retiro,D,23866,Tigre,A,1271
197,23955,Tigre,D,23979,Retiro,A,1162
198,24051,Retiro,D,24075,Tigre,A,1317
199,24194,Tigre,D,24218,Retiro,A,1021
200,24307,Retiro,D,24331,Tigre,A,805
201,24412,Tigre,D,24436,Retiro,A,1106
202,24564,Retiro,D,24588,Tigre,A,762
203,24687,Tigre,D,24711,Retiro,A,710
204,24756,Retiro,D,24780,Tigre,A,1205
205,24886,Tigre,D,24910,Retiro,A,1309
206,25043,Retiro,D,25067,Tigre,A,1348
207,25116,Tigre,D,25140,Retiro,A,1131
208,25275,Retiro,D,25299,Tigre,A,1083
209,25370,Tigre,D,25394,Retiro,A,1022
210,25509,Retiro,D,25533,Tigre,A,912
211,25626,Tigre,D,25650,Retiro,A,775
212,25717,Retiro,D,25741,Tigre,A,1078
213,25849,Tigre,D,25873,Retiro,A,628
214,25956,Retiro,D,25980,Tigre,A,1236
215,26099,Tigre,D,26123,Retiro,A,1262
216,26241,Retiro,D,26265,Tigre,A,727
217,26347,Tigre,D,26371,Retiro,A,1126
218,26479,Retiro,D,26503,Tigre,A,1047
219,26600,Tigre,D,26624,Retiro,A,879
220,26708,Retiro,D,26732,Tigre,A,1094
221,26797,Tigre,D,26821,Retiro,A,1084
222,26967,Retiro,D,26991,Tigre,A,1259
223,27038,Tigre,D,27062,Retiro,A,1073
224,27192,Retiro,D,27216,Tigre,A,820
225,27279,Tigre,D,27303,Retiro,A,982
226,27401,Retiro,D,27425,Tigre,A,818
227,27528,Tigre,D,27552,Retiro,A,955
228,27689,Retiro,D,27713,Tigre,A,1070
229,27770,Tigre,D,27794,Retiro,A,941
230,27918,Retiro,D,27942,Tigre,A,844
231,28027,Tigre,D,28051,Retiro,A,1266
232,28158,Retiro,D,28182,Tigre,A,1171
233,28239,Tigre,D,28263,Retiro,A,1216
234,28383,Retiro,D,28407,Tigre,A,987
235,28503,Tigre,D,28527,Retiro,A,895
236,28637,Retiro,D,28661,Tigre,A,1151
237,28711,Tigre,D,28735,Retiro,A,800
238,28888,Retiro,D,28912,Tigre,A,923
239,28975,Tigre,D,28999,Retiro,A,829
240,29082,Retiro,D,29106,Tigre,A,1167
241,29224,Tigre,D,29248,Retiro,A,997
242,29358,Retiro,D,29382,Tigre,A,877
243,29459,Tigre,D,29483,Retiro,A,1139
244,29586,Retiro,D,29610,Tigre,A,1121
245,29684,Tigre,D,29708,Retiro,A,772
246,29793,Retiro,D,29817,Tigre,A,925
247,29961,Tigre,D,29985,Retiro,A,890
248,30040,Retiro,D,30064,Tigre,A,708
249,30164,Tigre,D,30188,Retiro,A,719
250,30308,Retiro,D,30332,Tigre,A,995
251,30434,Tigre,D,30458,Retiro,A,1134
252,30564,Retiro,D,30588,Tigre,A,982
253,30660,Tigre,D,30684,Retiro,A,912
254,30787,Retiro,D,30811,Tigre,A,861
255,30890,Tigre,D,30914,Retiro,A,677
256,30993,Retiro,D,31017,Tigre,A,1100
257,31164,Tigre,D,31188,Retiro,A,1315
258,31261,Retiro,D,31285,Tigre,A,760
259,31364,Tigre,D,31388,Retiro,A,1115
260,31506,Retiro,D,31530,Tigre,A,1347
261,31644,Tigre,D,31668,Retiro,A,801
262,31712,Retiro,D,31736,Tigre,A,1022
263,31846,Tigre,D,31870,Retiro,A,692
264,32000,Retiro,D,32024,Tigre,A,948
265,32104,Tigre,D,32128,Retiro,A,1219
266,32218,Retiro,D,32242,Tigre,A,990
267,32354,Tigre,D,32378,Retiro,A,717
268,32448,Retiro,D,32472,Tigre,A,1032
269,32560,Tigre,D,32584,Retiro,A,1235
270,32691,Retiro,D,32715,Tigre,A,1190
271,32842,Tigre,D,32866,Retiro,A,777
272,32939,Retiro,D,32963,Tigre,A,1273
273,33059,Tigre,D,33083,Retiro,A,1149
274,33207,Retiro,D,33231,Tigre,A,736
275,33295,Tigre,D,33319,Retiro,A,898
276,33427,Retiro,D,33451,Tigre,A,812
277,33534,Tigre,D,33558,Retiro,A,888
278,33636,Retiro,D,33660,Tigre,A,1234
279,33808,Tigre,D,33832,Retiro,A,940
280,33894,Retiro,D,33918,Tigre,A,899
281,34002,Tigre,D,34026,Retiro,A,1381
282,34152,Retiro,D,34176,Tigre,A,1309
283,34256,Tigre,D,34280,Retiro,A,832
284,34375,Retiro,D,34399,Tigre,A,1175
285,34484,Tigre,D,34508,Retiro,A,1010
286,34610,Retiro,D,34634,Tigre,A,1366
287,34719,Tigre,D,34743,Retiro,A,917
288,34873,Retiro,D,34897,Tigre,A,931
289,34965,Tigre,D,34989,Retiro,A,699
290,35090,Retiro,D,35114,Tigre,A,880
291,35214,Tigre,D,35238,Retiro,A,535
292,35311,Retiro,D,35335,Tigre,A,885
293,35454,Tigre,D,35478,Retiro,A,727
294,35577,Retiro,D,35601,Tigre,A,1124
295,35728,Tigre,D,35752,Retiro,A,690
296,35838,Retiro,D,35862,Tigre,A,843
297,35945,Tigre,D,35969,Retiro,A,765
298,36083,Retiro,D,36107,Tigre,A,832
299,36188,Tigre,D,36212,Retiro,A,903
300,36315,Retiro,D,36339,Tigre,A,973
301,36391,Tigre,D,36415,Retiro,A,969
302,36517,Retiro,D,36541,Tigre,A,1174
303,36642,Tigre,D,36666,Retiro,A,796
304,36791,Retiro,D,36815,Tigre,A,1066
305,36875,Tigre,D,36899,Retiro,A,1025
306,37043,Retiro,D,37067,Tigre,A,1055
307,37116,Tigre,D,37140,Retiro,A,1023
308,37264,Retiro,D,37288,Tigre,A,708
309,37392,Tigre,D,37416,Retiro,A,1316
310,37482,Retiro,D,37506,Tigre,A,809
311,37631,Tigre,D,37655,Retiro,A,1344
312,37731,Retiro,D,37755,Tigre,A,939
313,37878,Tigre,D,37902,Retiro,A,1145
314,37985,Retiro,D,38009,Tigre,A,915
315,38084,Tigre,D,38108,Retiro,A,816
316,38241,Retiro,D,38265,Tigre,A,840
317,38339,Tigre,D,38363,Retiro,A,802
318,38440,Retiro,D,38464,Tigre,A,1151
319,38604,Tigre,D,38628,Retiro,A,956
320,38692,Retiro,D,38716,Tigre,A,986
321,38828,Tigre,D,38852,Retiro,A,1148
322,38969,Retiro,D,38993,Tigre,A,1255
323,39035,Tigre,D,39059,Retiro,A,1214
324,39199,Retiro,D,39223,Tigre,A,1010
325,39284,Tigre,D,39308,Retiro,A,619
326,39437,Retiro,D,39461,Tigre,A,1141
327,39531,Tigre,D,39555,Retiro,A,1092
328,39682,Retiro,D,39706,Tigre,A,977
329,39750,Tigre,D,39774,Retiro,A,1137
330,39929,Retiro,D,39953,Tigre,A,681
331,40042,Tigre,D,40066,Retiro,A,846
332,40129,Retiro,D,40153,Tigre,A,944
333,40266,Tigre,D,40290,Retiro,A,964
334,40382,Retiro,D,40406,Tigre,A,941
335,40484,Tigre,D,40508,Retiro,A,1151
336,40618,Retiro,D,40642,Tigre,A,695
337,40748,Tigre,D,40772,Retiro,A,1328
338,40885,Retiro,D,40909,Tigre,A,961
339,41003,Tigre,D,41027,Retiro,A,772
340,41107,Retiro,D,41131,Tigre,A,976
341,41232,Tigre,D,41256,Retiro,A,795
342,41326,Retiro,D,41350,Tigre,A,1191
343,41472,Tigre,D,41496,Retiro,A,1109
344,41601,Retiro,D,41625,Tigre,A,1062
345,41696,Tigre,D,41720,Retiro,A,731
346,41822,Retiro,D,41846,Tigre,A,1265
347,41921,Tigre,D,41945,Retiro,A,1026
348,42032,Retiro,D,42056,Tigre,A,605
349,42168,Tigre,D,42192,Retiro,A,719
350,42290,Retiro,D,42314,Tigre,A,878
351,42424,Tigre,D,42448,Retiro,A,781
352,42561,Retiro,D,42585,Tigre,A,799
353,42679,Tigre,D,42703,Retiro,A,674
354,42777,Retiro,D,42801,Tigre,A,598
355,42870,Tigre,D,42894,Retiro,A,1050
356,43049,Retiro,D,43073,Tigre,A,1088
357,43128,Tigre,D,43152,Retiro,A,1170
358,43266,Retiro,D,43290,Tigre,A,1170
359,43395,Tigre,D,43419,Retiro,A,1201
360,43494,Retiro,D,43518,Tigre,A,1174
361,43628,Tigre,D,43652,Retiro,A,961
362,43757,Retiro,D,43781,Tigre,A,758
363,43889,Tigre,D,43913,Retiro,A,918
364,43965,Retiro,D,43989,Tigre,A,830
365,44091,Tigre,D,44115,Retiro,A,883
366,44216,Retiro,D,44240,Tigre,A,1104
367,44313,Tigre,D,44337,Retiro,A,1289
368,44473,Retiro,D,44497,Tigre,A,982
369,44567,Tigre,D,44591,Retiro,A,994
370,44727,Retiro,D,44751,Tigre,A,820
371,44812,Tigre,D,44836,Retiro,A,828
372,44935,Retiro,D,44959,Tigre,A,703
373,45089,Tigre,D,45113,Retiro,A,1154
374,45204,Retiro,D,45228,Tigre,A,947
375,45326,Tigre,D,45350,Retiro,A,517
376,45447,Retiro,D,45471,Tigre,A,982
377,45513,Tigre,D,45537,Retiro,A,944
378,45665,Retiro,D,45689,Tigre,A,908
379,45785,Tigre,D,45809,Retiro,A,1136
380,45880,Retiro,D,45904,Tigre,A,984
381,46004,Tigre,D,46028,Retiro,A,1024
382,46160,Retiro,D,46184,Tigre,A,1063
383,46239,Tigre,D,46263,Retiro,A,1404
384,46366,Retiro,D,46390,Tigre,A,1390
385,46529,Tigre,D,46553,Retiro,A,795
386,46636,Retiro,D,46660,Tigre,A,912
387,46717,Tigre,D,46741,Retiro,A,1223
388,46845,Retiro,D,46869,Tigre,A,979
389,46966,Tigre,D,46990,Retiro,A,1153
390,47093,Retiro,D,47117,Tigre,A,741
391,47204,Tigre,D,47228,Retiro,A,959
392,47333,Retiro,D,47357,Tigre,A,1263
393,47439,Tigre,D,47463,Retiro,A,1040
394,47579,Retiro,D,47603,Tigre,A,1432
395,47684,Tigre,D,47708,Retiro,A,1161
396,47826,Retiro,D,47850,Tigre,A,1096
397,47962,Tigre,D,47986,Retiro,A,775
398,48051,Retiro,D,48075,Tigre,A,1034
399,48184,Tigre,D,48208,Retiro,A,1009
400,48276,Retiro,D,48300,Tigre,A,1097
401,48410,Tigre,D,48434,Retiro,A,910
402,48526,Retiro,D,48550,Tigre,A,1215
403,48660,Tigre,D,48684,Retiro,A,856
404,48809,Retiro,D,48833,Tigre,A,1063
405,48904,Tigre,D,48928,Retiro,A,928
406,49006,Retiro,D,49030,Tigre,A,954
407,49140,Tigre,D,49164,Retiro,A,421
408,49234,Retiro,D,49258,Tigre,A,1133
409,49360,Tigre,D,49384,Retiro,A,676
410,49516,Retiro,D,49540,Tigre,A,712
411,49599,Tigre,D,49623,Retiro,A,1091
412,49753,Retiro,D,49777,Tigre,A,1055
413,49831,Tigre,D,49855,Retiro,A,1088
414,49991,Retiro,D,50015,Tigre,A,955
415,50071,Tigre,D,50095,Retiro,A,1237
416,50205,Retiro,D,50229,Tigre,A,787
417,50315,Tigre,D,50339,Retiro,A,716
418,50434,Retiro,D,50458,Tigre,A,968
419,50604,Tigre,D,50628,Retiro,A,1401
420,50688,Retiro,D,50712,Tigre,A,778
421,50795,Tigre,D,50819,Retiro,A,978
422,50942,Retiro,D,50966,Tigre,A,956
423,51033,Tigre,D,51057,Retiro,A,1021
424,51156,Retiro,D,51180,Tigre,A,1055
425,51301,Tigre,D,51325,Retiro,A,1087
426,51441,Retiro,D,51465,Tigre,A,990
427,51559,Tigre,D,51583,Retiro,A,939
428,51663,Retiro,D,51687,Tigre,A,1157
429,51752,Tigre,D,51776,Retiro,A,974
430,51925,Retiro,D,51949,Tigre,A,908
431,52029,Tigre,D,52053,Retiro,A,1172
432,52130,Retiro,D,52154,Tigre,A,660
433,52250,Tigre,D,52274,Retiro,A,712
434,52350,Retiro,D,52374,Tigre,A,1307
435,52499,Tigre,D,52523,Retiro,A,976
436,52600,Retiro,D,52624,Tigre,A,1301
437,52749,Tigre,D,52773,Retiro,A,1201
438,52852,Retiro,D,52876,Tigre,A,768
439,52986,Tigre,D,53010,Retiro,A,1147
440,53117,Retiro,D,53141,Tigre,A,933
441,53211,Tigre,D,53235,Retiro,A,1260
442,53347,Retiro,D,53371,Tigre,A,797
443,53464,Tigre,D,53488,Retiro,A,1079
444,53554,Retiro,D,53578,Tigre,A,1460
445,53700,Tigre,D,53724,Retiro,A,922
446,53843,Retiro,D,53867,Tigre,A,984
447,53961,Tigre,D,53985,Retiro,A,1258
448,54040,Retiro,D,54064,Tigre,A,1121
449,54207,Tigre,D,54231,Retiro,A,1020
450,54292,Retiro,D,54316,Tigre,A,1014
451,54409,Tigre,D,54433,Retiro,A,1082
452,54538,Retiro,D,54562,Tigre,A,1173
453,54651,Tigre,D,54675,Retiro,A,1076
454,54795,Retiro,D,54819,Tigre,A,902
455,54881,Tigre,D,54905,Retiro,A,658
456,55010,Retiro,D,55034,Tigre,A,988
457,55115,Tigre,D,55139,Retiro,A,911
458,55250,Retiro,D,55274,Tigre,A,805
459,55375,Tigre,D,55399,Retiro,A,949
460,55503,Retiro,D,55527,Tigre,A,1200
461,55618,Tigre,D,55642,Retiro,A,1123
462,55733,Retiro,D,55757,Tigre,A,1172
463,55845,Tigre,D,55869,Retiro,A,1134
464,55969,Retiro,D,55993,Tigre,A,838
465,56081,Tigre,D,56105,Retiro,A,854
466,56220,Retiro,D,56244,Tigre,A,899
467,56324,Tigre,D,56348,Retiro,A,1131
468,56485,Retiro,D,56509,Tigre,A,1015
469,56594,Tigre,D,56618,Retiro,A,1181
470,56685,Retiro,D,56709,Tigre,A,868
471,56795,Tigre,D,56819,Retiro,A,935
472,56932,Retiro,D,56956,Tigre,A,769
473,57078,Tigre,D,57102,Retiro,A,885
474,57194,Retiro,D,57218,Tigre,A,868
475,57302,Tigre,D,57326,Retiro,A,1064
476,57435,Retiro,D,57459,Tigre,A,914
477,57548,Tigre,D,57572,Retiro,A,938
478,57635,Retiro,D,57659,Tigre,A,1039
479,57787,Tigre,D,57811,Retiro,A,995
480,57880,Retiro,D,57904,Tigre,A,1082
481,58046,Tigre,D,58070,Retiro,A,1371
482,58163,Retiro,D,58187,Tigre,A,1205
483,58274,Tigre,D,58298,Retiro,A,1090
484,58378,Retiro,D,58402,Tigre,A,1157
485,58473,Tigre,D,58497,Retiro,A,1142
486,58606,Retiro,D,58630,Tigre,A,1099
487,58731,Tigre,D,58755,Retiro,A,1246
488,58854,Retiro,D,58878,Tigre,A,1024
489,58980,Tigre,D,59004,Retiro,A,1231
490,59122,Retiro,D,59146,Tigre,A,698
491,59225,Tigre,D,59249,Retiro,A,810
492,59330,Retiro,D,59354,Tigre,A,917
493,59458,Tigre,D,59482,Retiro,A,521
494,59593,Retiro,D,59617,Tigre,A,1358
495,59693,Tigre,D,59717,Retiro,A,1083
496,59831,Retiro,D,59855,Tigre,A,1115
497,59963,Tigre,D,59987,Retiro,A,946
498,60045,Retiro,D,60069,Tigre,A,1138
499,60161,Tigre,D,60185,Retiro,A,711
500,60291,Retiro,D,60315,Tigre,A,1096
501,60425,Tigre,D,60449,Retiro,A,1048
502,60540,Retiro,D,60564,Tigre,A,1080
503,60658,Tigre,D,60682,Retiro,A,1077
504,60788,Retiro,D,60812,Tigre,A,1280
505,60928,Tigre,D,60952,Retiro,A,530
506,61033,Retiro,D,61057,Tigre,A,1002
507,61127,Tigre,D,61151,Retiro,A,1169
508,61231,Retiro,D,61255,Tigre,A,790
509,61402,Tigre,D,61426,Retiro,A,1086
510,61522,Retiro,D,61546,Tigre,A,1039
511,61627,Tigre,D,61651,Retiro,A,1008
512,61724,Retiro,D,61748,Tigre,A,1150
513,61835,Tigre,D,61859,Retiro,A,898
514,61965,Retiro,D,61989,Tigre,A,1099
515,62105,Tigre,D,62129,Retiro,A,1083
516,62198,Retiro,D,62222,Tigre,A,751
517,62320,Tigre,D,62344,Retiro,A,1264
518,62466,Retiro,D,62490,Tigre,A,1316
519,62601,Tigre,D,62625,Retiro,A,1011
520,62692,Retiro,D,62716,Tigre,A,810
521,62823,Tigre,D,62847,Retiro,A,951
522,62927,Retiro,D,62951,Tigre,A,1237
523,63078,Tigre,D,63102,Retiro,A,931
524,63162,Retiro,D,63186,Tigre,A,942
525,63326,Tigre,D,63350,Retiro,A,703
526,63393,Retiro,D,63417,Tigre,A,1151
527,63559,Tigre,D,63583,Retiro,A,995
528,63687,Retiro,D,63711,Tigre,A,902
529,63784,Tigre,D,63808,Retiro,A,1373
530,63887,Retiro,D,63911,Tigre,A,1032
531,63997,Tigre,D,64021,Retiro,A,1198
532,64147,Retiro,D,64171,Tigre,A,357
533,64241,Tigre,D,64265,Retiro,A,986
534,64407,Retiro,D,64431,Tigre,A,929
535,64527,Tigre,D,64551,Retiro,A,1156
536,64603,Retiro,D,64627,Tigre,A,871
537,64754,Tigre,D,64778,Retiro,A,1381
538,64853,Retiro,D,64877,Tigre,A,1097
539,64973,Tigre,D,64997,Retiro,A,1011
540,65126,Retiro,D,65150,Tigre,A,783
541,65191,Tigre,D,65215,Retiro,A,967
542,65325,Retiro,D,65349,Tigre,A,935
543,65478,Tigre,D,65502,Retiro,A,833
544,65554,Retiro,D,65578,Tigre,A,1217
545,65709,Tigre,D,65733,Retiro,A,1088
546,65796,Retiro,D,65820,Tigre,A,591
547,65954,Tigre,D,65978,Retiro,A,979
548,66066,Retiro,D,66090,Tigre,A,773
549,66194,Tigre,D,66218,Retiro,A,875
550,66329,Retiro,D,66353,Tigre,A,1202
551,66449,Tigre,D,66473,Retiro,A,1225
552,66549,Retiro,D,66573,Tigre,A,1090
553,66683,Tigre,D,66707,Retiro,A,830
554,66805,Retiro,D,66829,Tigre,A,973
555,66903,Tigre,D,66927,Retiro,A,941
556,67026,Retiro,D,67050,Tigre,A,1230
557,67128,Tigre,D,67152,Retiro,A,821
558,67279,Retiro,D,67303,Tigre,A,581
559,67409,Tigre,D,67433,Retiro,A,1334
560,67529,Retiro,D,67553,Tigre,A,940
561,67623,Tigre,D,67647,Retiro,A,989
562,67752,Retiro,D,67776,Tigre,A,1053
563,67844,Tigre,D,67868,Retiro,A,773
564,67988,Retiro,D,68012,Tigre,A,1158
565,68127,Tigre,D,68151,Retiro,A,864
566,68242,Retiro,D,68266,Tigre,A,841
567,68359,Tigre,D,68383,Retiro,A,814
568,68434,Retiro,D,68458,Tigre,A,1014
569,68600,Tigre,D,68624,Retiro,A,1179
570,68708,Retiro,D,68732,Tigre,A,1092
571,68816,Tigre,D,68840,Retiro,A,1104
572,68923,Retiro,D,68947,Tigre,A,908
573,69072,Tigre,D,69096,Retiro,A,1027
574,69202,Retiro,D,69226,Tigre,A,1146
575,69271,Tigre,D,69295,Retiro,A,1434
576,69413,Retiro,D,69437,Tigre,A,1271
577,69568,Tigre,D,69592,Retiro,A,1109
578,69669,Retiro,D,69693,Tigre,A,1199
579,69782,Tigre,D,69806,Retiro,A,1215
580,69906,Retiro,D,69930,Tigre,A,1026
581,70039,Tigre,D,70063,Retiro,A,819
582,70127,Retiro,D,70151,Tigre,A,586
583,70270,Tigre,D,70294,Retiro,A,942
584,70375,Retiro,D,70399,Tigre,A,1065
585,70484,Tigre,D,70508,Retiro,A,1117
586,70609,Retiro,D,70633,Tigre,A,1303
587,70718,Tigre,D,70742,Retiro,A,944
588,70843,Retiro,D,70867,Tigre,A,1160
589,70987,Tigre,D,71011,Retiro,A,1147
590,71110,Retiro,D,71134,Tigre,A,775
591,71238,Tigre,D,71262,Retiro,A,888
592,71320,Retiro,D,71344,Tigre,A,1160
593,71483,Tigre,D,71507,Retiro,A,548
594,71577,Retiro,D,71601,Tigre,A,847
595,71715,Tigre,D,71739,Retiro,A,1004
596,71824,Retiro,D,71848,Tigre,A,985
597,71925,Tigre,D,71949,Retiro,A,915
598,72051,Retiro,D,72075,Tigre,A,1343
599,72172,Tigre,D,72196,Retiro,A,1078
600,72294,Retiro,D,72318,Tigre,A,891
601,72421,Tigre,D,72445,Retiro,A,885
602,72520,Retiro,D,72544,Tigre,A,1020
603,72687,Tigre,D,72711,Retiro,A,783
604,72782,Retiro,D,72806,Tigre,A,732
605,72927,Tigre,D,72951,Retiro,A,1086
606,73049,Retiro,D,73073,Tigre,A,1173
607,73118,Tigre,D,73142,Retiro,A,984
608,73254,Retiro,D,73278,Tigre,A,794
609,73383,Tigre,D,73407,Retiro,A,1144
610,73509,Retiro,D,73533,Tigre,A,1514
611,73643,Tigre,D,73667,Retiro,A,1121
612,73748,Retiro,D,73772,Tigre,A,948
613,73848,Tigre,D,73872,Retiro,A,820
614,73965,Retiro,D,73989,Tigre,A,1050
615,74113,Tigre,D,74137,Retiro,A,1365
616,74245,Retiro,D,74269,Tigre,A,1075
617,74360,Tigre,D,74384,Retiro,A,915
618,74443,Retiro,D,74467,Tigre,A,1099
619,74580,Tigre,D,74604,Retiro,A,695
620,74685,Retiro,D,74709,Tigre,A,1318
621,74828,Tigre,D,74852,Retiro,A,902
622,74947,Retiro,D,74971,Tigre,A,1090
623,75064,Tigre,D,75088,Retiro,A,1269
624,75183,Retiro,D,75207,Tigre,A,1126
625,75291,Tigre,D,75315,Retiro,A,1330
626,75393,Retiro,D,75417,Tigre,A,920
627,75524,Tigre,D,75548,Retiro,A,1176
628,75636,Retiro,D,75660,Tigre,A,726
629,75787,Tigre,D,75811,Retiro,A,949
630,75874,Retiro,D,75898,Tigre,A,1152
631,76041,Tigre,D,76065,Retiro,A,829
632,76152,Retiro,D,76176,Tigre,A,948
633,76260,Tigre,D,76284,Retiro,A,1103
634,76353,Retiro,D,76377,Tigre,A,696
635,76478,Tigre,D,76502,Retiro,A,1163
636,76634,Retiro,D,76658,Tigre,A,1092
637,76762,Tigre,D,76786,Retiro,A,1131
638,76872,Retiro,D,76896,Tigre,A,905
639,77007,Tigre,D,77031,Retiro,A,1248
640,77087,Retiro,D,77111,Tigre,A,1080
641,77191,Tigre,D,77215,Retiro,A,976
642,77311,Retiro,D,77335,Tigre,A,835
643,77441,Tigre,D,77465,Retiro,A,846
644,77592,Retiro,D,77616,Tigre,A,793
645,77712,Tigre,D,77736,Retiro,A,967
646,77816,Retiro,D,77840,Tigre,A,687
647,77920,Tigre,D,77944,Retiro,A,1231
648,78088,Retiro,D,78112,Tigre,A,622
649,78179,Tigre,D,78203,Retiro,A,1302
650,78328,Retiro,D,78352,Tigre,A,974
651,78446,Tigre,D,78470,Retiro,A,1047
652,78525,Retiro,D,78549,Tigre,A,1185
653,78685,Tigre,D,78709,Retiro,A,1342
654,78755,Retiro,D,78779,Tigre,A,856
655,78885,Tigre,D,78909,Retiro,A,1004
656,79041,Retiro,D,79065,Tigre,A,867
657,79147,Tigre,D,79171,Retiro,A,856
658,79239,Retiro,D,79263,Tigre,A,511
659,79382,Tigre,D,79406,Retiro,A,823
660,79481,Retiro,D,79505,Tigre,A,1156
661,79621,Tigre,D,79645,Retiro,A,735
662,79755,Retiro,D,79779,Tigre,A,898
663,79883,Tigre,D,79907,Retiro,A,1047
664,79972,Retiro,D,79996,Tigre,A,971
665,80092,Tigre,D,80116,Retiro,A,852
666,80227,Retiro,D,80251,Tigre,A,996
667,80321,Tigre,D,80345,Retiro,A,901
668,80437,Retiro,D,80461,Tigre,A,948
669,80567,Tigre,D,80591,Retiro,A,1088
670,80719,Retiro,D,80743,Tigre,A,752
671,80804,Tigre,D,80828,Retiro,A,657
672,80910,Retiro,D,80934,Tigre,A,1196
673,81033,Tigre,D,81057,Retiro,A,734
674,81156,Retiro,D,81180,Tigre,A,1177
675,81277,Tigre,D,81301,Retiro,A,917
676,81422,Retiro,D,81446,Tigre,A,948
677,81541,Tigre,D,81565,Retiro,A,932
678,81661,Retiro,D,81685,Tigre,A,839
679,81803,Tigre,D,81827,Retiro,A,954
680,81896,Retiro,D,81920,Tigre,A,991
681,82026,Tigre,D,82050,Retiro,A,1031
682,82142,Retiro,D,82166,Tigre,A,1160
683,82284,Tigre,D,82308,Retiro,A,951
684,82408,Retiro,D,82432,Tigre,A,818
685,82521,Tigre,D,82545,Retiro,A,1207
686,82627,Retiro,D,82651,Tigre,A,1198
687,82760,Tigre,D,82784,Retiro,A,996
688,82869,Retiro,D,82893,Tigre,A,980
689,82983,Tigre,D,83007,Retiro,A,1338
690,83129,Retiro,D,83153,Tigre,A,1235
691,83211,Tigre,D,83235,Retiro,A,894
692,83317,Retiro,D,83341,Tigre,A,747
693,83430,Tigre,D,83454,Retiro,A,972
694,83566,Retiro,D,83590,Tigre,A,1316
695,83676,Tigre,D,83700,Retiro,A,1169
696,83817,Retiro,D,83841,Tigre,A,1351
697,83951,Tigre,D,83975,Retiro,A,936
698,84060,Retiro,D,84084,Tigre,A,871
699,84197,Tigre,D,84221,Retiro,A,799
700,84272,Retiro,D,84296,Tigre,A,1060
701,84425,Tigre,D,84449,Retiro,A,763
702,84535,Retiro,D,84559,Tigre,A,1105
703,84655,Tigre,D,84679,Retiro,A,997
704,84780,Retiro,D,84804,Tigre,A,997
705,84918,Tigre,D,84942,Retiro,A,750
706,84998,Retiro,D,85022,Tigre,A,1418
707,85152,Tigre,D,85176,Retiro,A,999
708,85270,Retiro,D,85294,Tigre,A,1296
709,85353,Tigre,D,85377,Retiro,A,873
710,85514,Retiro,D,85538,Tigre,A,1048
711,85598,Tigre,D,85622,Retiro,A,1007
712,85710,Retiro,D,85734,Tigre,A,856
713,85864,Tigre,D,85888,Retiro,A,1190
714,85969,Retiro,D,85993,Tigre,A,1156
715,86073,Tigre,D,86097,Retiro,A,1176
716,86218,Retiro,D,86242,Tigre,A,1274
717,86324,Tigre,D,86348,Retiro,A,1335
718,86484,Retiro,D,86508,Tigre,A,1291
719,86592,Tigre,D,86616,Retiro,A,1160
720,86718,Retiro,D,86742,Tigre,A,1014
721,86814,Tigre,D,86838,Retiro,A,1122
722,86952,Retiro,D,86976,Tigre,A,1049
723,87088,Tigre,D,87112,Retiro,A,1068
724,87202,Retiro,D,87226,Tigre,A,1127
725,87285,Tigre,D,87309,Retiro,A,969
726,87426,Retiro,D,87450,Tigre,A,1216
727,87533,Tigre,D,87557,Retiro,A,874
728,87661,Retiro,D,87685,Tigre,A,896
729,87769,Tigre,D,87793,Retiro,A,993
730,87920,Retiro,D,87944,Tigre,A,1060
731,88006,Tigre,D,88030,Retiro,A,1016
732,88140,Retiro,D,88164,Tigre,A,1185
733,88232,Tigre,D,88256,Retiro,A,1214
734,88371,Retiro,D,88395,Tigre,A,834
735,88470,Tigre,D,88494,Retiro,A,790
736,88609,Retiro,D,88633,Tigre,A,1188
737,88711,Tigre,D,88735,Retiro,A,865
738,88852,Retiro,D,88876,Tigre,A,1180
739,88975,Tigre,D,88999,Retiro,A,983
740,89089,Retiro,D,89113,Tigre,A,1563
741,89227,Tigre,D,89251,Retiro,A,1118
742,89356,Retiro,D,89380,Tigre,A,979
743,89479,Tigre,D,89503,Retiro,A,888
744,89574,Retiro,D,89598,Tigre,A,864
745,89694,Tigre,D,89718,Retiro,A,1000
746,89825,Retiro,D,89849,Tigre,A,1119
747,89932,Tigre,D,89956,Retiro,A,1087
748,90035,Retiro,D,90059,Tigre,A,1111
749,90158,Tigre,D,90182,Retiro,A,1008
750,90306,Retiro,D,90330,Tigre,A,1165
751,90430,Tigre,D,90454,Retiro,A,1105
752,90538,Retiro,D,90562,Tigre,A,1181
753,90631,Tigre,D,90655,Retiro,A,957
754,90771,Retiro,D,90795,Tigre,A,1234
755,90873,Tigre,D,90897,Retiro,A,1037
756,91033,Retiro,D,91057,Tigre,A,1079
757,91157,Tigre,D,91181,Retiro,A,1579
758,91265,Retiro,D,91289,Tigre,A,898
759,91359,Tigre,D,91383,Retiro,A,760
760,91511,Retiro,D,91535,Tigre,A,1114
761,91629,Tigre,D,91653,Retiro,A,1283
762,91758,Retiro,D,91782,Tigre,A,1213
763,91840,Tigre,D,91864,Retiro,A,1246
764,91962,Retiro,D,91986,Tigre,A,725
765,92072,Tigre,D,92096,Retiro,A,1076
766,92234,Retiro,D,92258,Tigre,A,1103
767,92333,Tigre,D,92357,Retiro,A,1426
768,92455,Retiro,D,92479,Tigre,A,888
769,92552,Tigre,D,92576,Retiro,A,1248
770,92672,Retiro,D,92696,Tigre,A,1014
771,92791,Tigre,D,92815,Retiro,A,1053
772,92960,Retiro,D,92984,Tigre,A,1110
773,93070,Tigre,D,93094,Retiro,A,1035
774,93177,Retiro,D,93201,Tigre,A,947
775,93283,Tigre,D,93307,Retiro,A,1028
776,93422,Retiro,D,93446,Tigre,A,884
777,93556,Tigre,D,93580,Retiro,A,933
778,93639,Retiro,D,93663,Tigre,A,892
779,93802,Tigre,D,93826,Retiro,A,1248
780,93900,Retiro,D,93924,Tigre,A,929
781,94002,Tigre,D,94026,Retiro,A,879
782,94160,Retiro,D,94184,Tigre,A,956
783,94288,Tigre,D,94312,Retiro,A,554
784,94388,Retiro,D,94412,Tigre,A,885
785,94510,Tigre,D,94534,Retiro,A,1115
786,94608,Retiro,D,94632,Tigre,A,931
787,94757,Tigre,D,94781,Retiro,A,1193
788,94852,Retiro,D,94876,Tigre,A,829
789,95002,Tigre,D,95026,Retiro,A,730
790,95114,Retiro,D,95138,Tigre,A,1257
791,95208,Tigre,D,95232,Retiro,A,1018
792,95349,Retiro,D,95373,Tigre,A,822
793,95482,Tigre,D,95506,Retiro,A,744
794,95556,Retiro,D,95580,Tigre,A,941
795,95719,Tigre,D,95743,Retiro,A,1289
796,95828,Retiro,D,95852,Tigre,A,785
797,95930,Tigre,D,95954,Retiro,A,805
798,96069,Retiro,D,96093,Tigre,A,1030
799,96167,Tigre,D,96191,Retiro,A,1533
800,96320,Retiro,D,96344,Tigre,A,1341
801,96402,Tigre,D,96426,Retiro,A,1042
802,96556,Retiro,D,96580,Tigre,A,947
803,96663,Tigre,D,96687,Retiro,A,883
804,96785,Retiro,D,96809,Tigre,A,700
805,96907,Tigre,D,96931,Retiro,A,838
806,97046,Retiro,D,97070,Tigre,A,888
807,97153,Tigre,D,97177,Retiro,A,1103
808,97235,Retiro,D,97259,Tigre,A,806
809,97381,Tigre,D,97405,Retiro,A,846
810,97519,Retiro,D,97543,Tigre,A,946
811,97625,Tigre,D,97649,Retiro,A,1049
812,97769,Retiro,D,97793,Tigre,A,997
813,97879,Tigre,D,97903,Retiro,A,1233
814,98005,Retiro,D,98029,Tigre,A,1019
815,98071,Tigre,D,98095,Retiro,A,1030
816,98224,Retiro,D,98248,Tigre,A,1052
817,98366,Tigre,D,98390,Retiro,A,1185
818,98484,Retiro,D,98508,Tigre,A,864
819,98603,Tigre,D,98627,Retiro,A,895
820,98720,Retiro,D,98744,Tigre,A,831
821,98795,Tigre,D,98819,Retiro,A,619
822,98925,Retiro,D,98949,Tigre,A,1077
823,99073,Tigre,D,99097,Retiro,A,941
824,99191,Retiro,D,99215,Tigre,A,1046
825,99313,Tigre,D,99337,Retiro,A,820
826,99437,Retiro,D,99461,Tigre,A,938
827,99559,Tigre,D,99583,Retiro,A,1157
828,99675,Retiro,D,99699,Tigre,A,1224
829,99756,Tigre,D,99780,Retiro,A,1143
830,99918,Retiro,D,99942,Tigre,A,1397
831,99995,Tigre,D,100019,Retiro,A,1037
832,100162,Retiro,D,100186,Tigre,A,1040
833,100250,Tigre,D,100274,Retiro,A,983
834,100384,Retiro,D,100408,Tigre,A,661
835,100507,Tigre,D,100531,Retiro,A,1133
836,100646,Retiro,D,100670,Tigre,A,714
837,100760,Tigre,D,100784,Retiro,A,1048
838,100841,Retiro,D,100865,Tigre,A,817
839,100963,Tigre,D,100987,Retiro,A,1152
840,101121,Retiro,D,101145,Tigre,A,873
841,101239,Tigre,D,101263,Retiro,A,1351
842,101315,Retiro,D,101339,Tigre,A,999
843,101481,Tigre,D,101505,Retiro,A,1045
844,101576,Retiro,D,101600,Tigre,A,689
845,101680,Tigre,D,101704,Retiro,A,972
846,101843,Retiro,D,101867,Tigre,A,1255
847,101934,Tigre,D,101958,Retiro,A,1318
848,102041,Retiro,D,102065,Tigre,A,973
849,102188,Tigre,D,102212,Retiro,A,1073
850,102271,Retiro,D,102295,Tigre,A,1027
851,102447,Tigre,D,102471,Retiro,A,958
852,102563,Retiro,D,102587,Tigre,A,1209
853,102686,Tigre,D,102710,Retiro,A,1047
854,102775,Retiro,D,102799,Tigre,A,740
855,102920,Tigre,D,102944,Retiro,A,1307
856,103036,Retiro,D,103060,Tigre,A,1188
857,103110,Tigre,D,103134,Retiro,A,957
858,103263,Retiro,D,103287,Tigre,A,632
859,103391,Tigre,D,103415,Retiro,A,809
860,103483,Retiro,D,103507,Tigre,A,1031
861,103592,Tigre,D,103616,Retiro,A,1364
862,103739,Retiro,D,103763,Tigre,A,960
863,103886,Tigre,D,103910,Retiro,A,1185
864,103994,Retiro,D,104018,Tigre,A,1180
865,104119,Tigre,D,104143,Retiro,A,841
866,104237,Retiro,D,104261,Tigre,A,1141
867,104328,Tigre,D,104352,Retiro,A,907
868,104481,Retiro,D,104505,Tigre,A,1147
869,104602,Tigre,D,104626,Retiro,A,951
870,104723,Retiro,D,104747,Tigre,A,693
871,104848,Tigre,D,104872,Retiro,A,802
872,104922,Retiro,D,104946,Tigre,A,1322
873,105067,Tigre,D,105091,Retiro,A,1132
874,105205,Retiro,D,105229,Tigre,A,775
875,105297,Tigre,D,105321,Retiro,A,1220
876,105420,Retiro,D,105444,Tigre,A,663
877,105567,Tigre,D,105591,Retiro,A,676
878,105683,Retiro,D,105707,Tigre,A,571
879,105784,Tigre,D,105808,Retiro,A,967
880,105886,Retiro,D,105910,Tigre,A,1050
881,106019,Tigre,D,106043,Retiro,A,547
882,106114,Retiro,D,106138,Tigre,A,772
883,106230,Tigre,D,106254,Retiro,A,1066
884,106355,Retiro,D,106379,Tigre,A,1220
885,106493,Tigre,D,106517,Retiro,A,833
886,106597,Retiro,D,106621,Tigre,A,715
887,106710,Tigre,D,106734,Retiro,A,1067
888,106873,Retiro,D,106897,Tigre,A,1070
889,107001,Tigre,D,107025,Retiro,A,985
890,107091,Retiro,D,107115,Tigre,A,1020
891,107231,Tigre,D,107255,Retiro,A,1112
892,107327,Retiro,D,107351,Tigre,A,835
893,107470,Tigre,D,107494,Retiro,A,843
894,107562,Retiro,D,107586,Tigre,A,1155
895,107718,Tigre,D,107742,Retiro,A,1085
896,107806,Retiro,D,107830,Tigre,A,1083
897,107958,Tigre,D,107982,Retiro,A,1075
898,108053,Retiro,D,108077,Tigre,A,1023
899,108170,Tigre,D,108194,Retiro,A,602
900,108322,Retiro,D,108346,Tigre,A,1178
901,108437,Tigre,D,108461,Retiro,A,982
902,108551,Retiro,D,108575,Tigre,A,744
903,108664,Tigre,D,108688,Retiro,A,1140
904,108808,Retiro,D,108832,Tigre,A,960
905,108920,Tigre,D,108944,Retiro,A,985
906,109014,Retiro,D,109038,Tigre,A,1003
907,109168,Tigre,D,109192,Retiro,A,608
908,109251,Retiro,D,109275,Tigre,A,1066
909,109370,Tigre,D,109394,Retiro,A,1004
910,109472,Retiro,D,109496,Tigre,A,1130
911,109626,Tigre,D,109650,Retiro,A,1193
912,109723,Retiro,D,109747,Tigre,A,1019
913,109852,Tigre,D,109876,Retiro,A,904
914,109985,Retiro,D,110009,Tigre,A,932
915,110077,Tigre,D,110101,Retiro,A,639
916,110198,Retiro,D,110222,Tigre,A,1290
917,110329,Tigre,D,110353,Retiro,A,1033
918,110471,Retiro,D,110495,Tigre,A,1079
919,110565,Tigre,D,110589,Retiro,A,1307
920,110708,Retiro,D,110732,Tigre,A,1111
921,110791,Tigre,D,110815,Retiro,A,1193
922,110959,Retiro,D,110983,Tigre,A,1347
923,111051,Tigre,D,111075,Retiro,A,980
924,111166,Retiro,D,111190,Tigre,A,965
925,111328,Tigre,D,111352,Retiro,A,682
926,111438,Retiro,D,111462,Tigre,A,766
927,111568,Tigre,D,111592,Retiro,A,764
928,111688,Retiro,D,111712,Tigre,A,897
929,111768,Tigre,D,111792,Retiro,A,1148
930,111926,Retiro,D,111950,Tigre,A,946
931,111996,Tigre,D,112020,Retiro,A,631
932,112168,Retiro,D,112192,Tigre,A,920
933,112286,Tigre,D,112310,Retiro,A,1160
934,112370,Retiro,D,112394,Tigre,A,1138
935,112488,Tigre,D,112512,Retiro,A,776
936,112627,Retiro,D,112651,Tigre,A,941
937,112720,Tigre,D,112744,Retiro,A,1100
938,112882,Retiro,D,112906,Tigre,A,812
939,112976,Tigre,D,113000,Retiro,A,1229
940,113084,Retiro,D,113108,Tigre,A,1030
941,113203,Tigre,D,113227,Retiro,A,915
942,113362,Retiro,D,113386,Tigre,A,1091
943,113459,Tigre,D,113483,Retiro,A,1024
944,113582,Retiro,D,113606,Tigre,A,734
945,113696,Tigre,D,113720,Retiro,A,807
946,113796,Retiro,D,113820,Tigre,A,1047
947,113967,Tigre,D,113991,Retiro,A,1004
948,114066,Retiro,D,114090,Tigre,A,803
949,114169,Tigre,D,114193,Retiro,A,1302
950,114327,Retiro,D,114351,Tigre,A,1100
951,114429,Tigre,D,114453,Retiro,A,1013
952,114564,Retiro,D,114588,Tigre,A,1211
953,114651,Tigre,D,114675,Retiro,A,922
954,114774,Retiro,D,114798,Tigre,A,1045
955,114926,Tigre,D,114950,Retiro,A,658
956,115020,Retiro,D,115044,Tigre,A,852
957,115122,Tigre,D,115146,Retiro,A,883
958,115278,Retiro,D,115302,Tigre,A,857
959,115361,Tigre,D,115385,Retiro,A,1187
960,115496,Retiro,D,115520,Tigre,A,1344
961,115596,Tigre,D,115620,Retiro,A,988
962,115754,Retiro,D,115778,Tigre,A,1027
963,115861,Tigre,D,115885,Retiro,A,1230
964,115977,Retiro,D,116001,Tigre,A,775
965,116125,Tigre,D,116149,Retiro,A,1223
966,116233,Retiro,D,116257,Tigre,A,1262
967,116321,Tigre,D,116345,Retiro,A,1232
968,116430,Retiro,D,116454,Tigre,A,1110
969,116571,Tigre,D,116595,Retiro,A,1177
970,116711,Retiro,D,116735,Tigre,A,1295
971,116838,Tigre,D,116862,Retiro,A,939
972,116932,Retiro,D,116956,Tigre,A,1208
973,117057,Tigre,D,117081,Retiro,A,992
974,117163,Retiro,D,117187,Tigre,A,764
975,117329,Tigre,D,117353,Retiro,A,990
976,117418,Retiro,D,117442,Tigre,A,1123
977,117547,Tigre,D,117571,Retiro,A,1100
978,117665,Retiro,D,117689,Tigre,A,819
979,117797,Tigre,D,117821,Retiro,A,1137
980,117928,Retiro,D,117952,Tigre,A,1003
981,118014,Tigre,D,118038,Retiro,A,1222
982,118117,Retiro,D,118141,Tigre,A,1129
983,118278,Tigre,D,118302,Retiro,A,893
984,118384,Retiro,D,118408,Tigre,A,746
985,118491,Tigre,D,118515,Retiro,A,1032
986,118601,Retiro,D,118625,Tigre,A,1235
987,118747,Tigre,D,118771,Retiro,A,1139
988,118862,Retiro,D,118886,Tigre,A,1274
989,118969,Tigre,D,118993,Retiro,A,646
990,119071,Retiro,D,119095,Tigre,A,980
991,119230,Tigre,D,119254,Retiro,A,1384
992,119320,Retiro,D,119344,Tigre,A,947
993,119486,Tigre,D,119510,Retiro,A,1250
994,119590,Retiro,D,119614,Tigre,A,946
995,119707,Tigre,D,119731,Retiro,A,1187
996,119844,Retiro,D,119868,Tigre,A,1017
997,119951,Tigre,D,119975,Retiro,A,1163
998,120045,Retiro,D,120069,Tigre,A,675
999,120161,Tigre,D,120185,Retiro,A,1224
1000,321,Retiro,D,345,Tigre,A,1145
1001,445,Tigre,D,469,Retiro,A,1270
1002,512,Retiro,D,536,Tigre,A,817
1003,682,Tigre,D,706,Retiro,A,962
1004,772,Retiro,D,796,Tigre,A,992
1005,878,Tigre,D,902,Retiro,A,819
1006,1038,Retiro,D,1062,Tigre,A,912
1007,1137,Tigre,D,1161,Retiro,A,739
1008,1256,Retiro,D,1280,Tigre,A,868
1009,1373,Tigre,D,1397,Retiro,A,1063
1010,1499,Retiro,D,1523,Tigre,A,1251
1011,1618,Tigre,D,1642,Retiro,A,999
1012,1735,Retiro,D,1759,Tigre,A,906
1013,1885,Tigre,D,1909,Retiro,A,903
1014,1950,Retiro,D,1974,Tigre,A,1331
1015,2115,Tigre,D,2139,Retiro,A,1238
1016,2231,Retiro,D,2255,Tigre,A,1244
1017,2338,Tigre,D,2362,Retiro,A,983
1018,2442,Retiro,D,2466,Tigre,A,782
1019,2609,Tigre,D,2633,Retiro,A,1082
1020,2674,Retiro,D,2698,Tigre,A,836
1021,2835,Tigre,D,2859,Retiro,A,898
1022,2935,Retiro,D,2959,Tigre,A,1054
1023,3072,Tigre,D,3096,Retiro,A,1615
1024,3156,Retiro,D,3180,Tigre,A,741
1025,3308,Tigre,D,3332,Retiro,A,836
1026,3415,Retiro,D,3439,Tigre,A,884
1027,3568,Tigre,D,3592,Retiro,A,934
1028,3636,Retiro,D,3660,Tigre,A,634
1029,3781,Tigre,D,3805,Retiro,A,1177
1030,3920,Retiro,D,3944,Tigre,A,872
1031,4029,Tigre,D,4053,Retiro,A,686
1032,4125,Retiro,D,4149,Tigre,A,656
1033,4230,Tigre,D,4254,Retiro,A,1208
1034,4407,Retiro,D,4431,Tigre,A,549
1035,4480,Tigre,D,4504,Retiro,A,1352
1036,4627,Retiro,D,4651,Tigre,A,770
1037,4736,Tigre,D,4760,Retiro,A,916
1038,4885,Retiro,D,4909,Tigre,A,924
1039,4971,Tigre,D,4995,Retiro,A,1205
1040,5099,Retiro,D,5123,Tigre,A,1031
1041,5248,Tigre,D,5272,Retiro,A,1032
1042,5319,Retiro,D,5343,Tigre,A,915
1043,5469,Tigre,D,5493,Retiro,A,799
1044,5550,Retiro,D,5574,Tigre,A,860
1045,5710,Tigre,D,5734,Retiro,A,1086
1046,5836,Retiro,D,5860,Tigre,A,681
1047,5967,Tigre,D,5991,Retiro,A,754
1048,6040,Retiro,D,6064,Tigre,A,823
1049,6175,Tigre,D,6199,Retiro,A,876
1050,6291,Retiro,D,6315,Tigre,A,1274
1051,6407,Tigre,D,6431,Retiro,A,1015
1052,6562,Retiro,D,6586,Tigre,A,817
1053,6673,Tigre,D,6697,Retiro,A,503
1054,6755,Retiro,D,6779,Tigre,A,1303
1055,6888,Tigre,D,6912,Retiro,A,902
1056,6997,Retiro,D,7021,Tigre,A,1008
1057,7121,Tigre,D,7145,Retiro,A,843
1058,7239,Retiro,D,7263,Tigre,A,1013
1059,7402,Tigre,D,7426,Retiro,A,889
1060,7501,Retiro,D,7525,Tigre,A,908
1061,7606,Tigre,D,7630,Retiro,A,1075
1062,7735,Retiro,D,7759,Tigre,A,1075
1063,7841,Tigre,D,7865,Retiro,A,1314
1064,7962,Retiro,D,7986,Tigre,A,1187
1065,8081,Tigre,D,8105,Retiro,A,1348
1066,8208,Retiro,D,8232,Tigre,A,1258
1067,8331,Tigre,D,8355,Retiro,A,882
1068,8464,Retiro,D,8488,Tigre,A,926
1069,8583,Tigre,D,8607,Retiro,A,833
1070,8676,Retiro,D,8700,Tigre,A,1071
1071,8810,Tigre,D,8834,Retiro,A,1208
1072,8924,Retiro,D,8948,Tigre,A,1107
1073,9081,Tigre,D,9105,Retiro,A,880
1074,9154,Retiro,D,9178,Tigre,A,1265
1075,9324,Tigre,D,9348,Retiro,A,923
1076,9435,Retiro,D,9459,Tigre,A,618
1077,9534,Tigre,D,9558,Retiro,A,1009
1078,9673,Retiro,D,9697,Tigre,A,1003
1079,9794,Tigre,D,9818,Retiro,A,1303
1080,9903,Retiro,D,9927,Tigre,A,919
1081,10021,Tigre,D,10045,Retiro,A,954
1082,10165,Retiro,D,10189,Tigre,A,969
1083,10270,Tigre,D,10294,Retiro,A,1129
1084,10403,Retiro,D,10427,Tigre,A,1211
1085,10529,Tigre,D,10553,Retiro,A,730
1086,10606,Retiro,D,10630,Tigre,A,1248
1087,10759,Tigre,D,10783,Retiro,A,1311
1088,10873,Retiro,D,10897,Tigre,A,1576
1089,10960,Tigre,D,10984,Retiro,A,954
1090,11105,Retiro,D,11129,Tigre,A,1326
1091,11199,Tigre,D,11223,Retiro,A,931
1092,11351,Retiro,D,11375,Tigre,A,1040
1093,11484,Tigre,D,11508,Retiro,A,1330
1094,11557,Retiro,D,11581,Tigre,A,1297
1095,11699,Tigre,D,11723,Retiro,A,1042
1096,11828,Retiro,D,11852,Tigre,A,950
1097,11925,Tigre,D,11949,Retiro,A,788
1098,12065,Retiro,D,12089,Tigre,A,1174
1099,12189,Tigre,D,12213,Retiro,A,1241
1100,12299,Retiro,D,12323,Tigre,A,1254
1101,12401,Tigre,D,12425,Retiro,A,990
1102,12539,Retiro,D,12563,Tigre,A,835
1103,12685,Tigre,D,12709,Retiro,A,682
1104,12787,Retiro,D,12811,Tigre,A,1104
1105,12914,Tigre,D,12938,Retiro,A,1208
1106,13015,Retiro,D,13039,Tigre,A,971
1107,13112,Tigre,D,13136,Retiro,A,821
1108,13260,Retiro,D,13284,Tigre,A,1293
1109,13400,Tigre,D,13424,Retiro,A,1349
1110,13528,Retiro,D,13552,Tigre,A,1091
1111,13606,Tigre,D,13630,Retiro,A,1028
1112,13711,Retiro,D,13735,Tigre,A,1000
1113,13857,Tigre,D,13881,Retiro,A,991
1114,13990,Retiro,D,14014,Tigre,A,807
1115,14102,Tigre,D,14126,Retiro,A,1121
1116,14237,Retiro,D,14261,Tigre,A,798
1117,14351,Tigre,D,14375,Retiro,A,1060
1118,14439,Retiro,D,14463,Tigre,A,796
1119,14552,Tigre,D,14576,Retiro,A,928
1120,14688,Retiro,D,14712,Tigre,A,1013
1121,14844,Tigre,D,14868,Retiro,A,739
1122,14964,Retiro,D,14988,Tigre,A,684
1123,15072,Tigre,D,15096,Retiro,A,1198
1124,15158,Retiro,D,15182,Tigre,A,990
1125,15309,Tigre,D,15333,Retiro,A,1373
1126,15429,Retiro,D,15453,Tigre,A,1006
1127,15524,Tigre,D,15548,Retiro,A,1268
1128,15656,Retiro,D,15680,Tigre,A,837
1129,15759,Tigre,D,15783,Retiro,A,786
1130,15871,Retiro,D,15895,Tigre,A,1073
1131,16004,Tigre,D,16028,Retiro,A,869
1132,16118,Retiro,D,16142,Tigre,A,1351
1133,16259,Tigre,D,16283,Retiro,A,852
1134,16395,Retiro,D,16419,Tigre,A,1050
1135,16526,Tigre,D,16550,Retiro,A,910
1136,16613,Retiro,D,16637,Tigre,A,971
1137,16764,Tigre,D,16788,Retiro,A,1039
1138,16880,Retiro,D,16904,Tigre,A,1121
1139,16979,Tigre,D,17003,Retiro,A,1089
1140,17100,Retiro,D,17124,Tigre,A,947
1141,17228,Tigre,D,17252,Retiro,A,1196
1142,17355,Retiro,D,17379,Tigre,A,1219
1143,17453,Tigre,D,17477,Retiro,A,861
1144,17583,Retiro,D,17607,Tigre,A,753
1145,17726,Tigre,D,17750,Retiro,A,931
1146,17799,Retiro,D,17823,Tigre,A,863
1147,17953,Tigre,D,17977,Retiro,A,920
1148,18031,Retiro,D,18055,Tigre,A,980
1149,18192,Tigre,D,18216,Retiro,A,1031
1150,18290,Retiro,D,18314,Tigre,A,1239
1151,18440,Tigre,D,18464,Retiro,A,960
1152,18518,Retiro,D,18542,Tigre,A,1099
1153,18688,Tigre,D,18712,Retiro,A,832
1154,18798,Retiro,D,18822,Tigre,A,1012
1155,18906,Tigre,D,18930,Retiro,A,1331
1156,19043,Retiro,D,19067,Tigre,A,986
1157,19163,Tigre,D,19187,Retiro,A,1317
1158,19259,Retiro,D,19283,Tigre,A,1211
1159,19366,Tigre,D,19390,Retiro,A,1086
1160,19491,Retiro,D,19515,Tigre,A,1303
1161,19647,Tigre,D,19671,Retiro,A,766
1162,19717,Retiro,D,19741,Tigre,A,866
1163,19866,Tigre,D,19890,Retiro,A,1126
1164,19956,Retiro,D,19980,Tigre,A,1344
1165,20076,Tigre,D,20100,Retiro,A,1119
1166,20224,Retiro,D,20248,Tigre,A,850
1167,20361,Tigre,D,20385,Retiro,A,1141
1168,20453,Retiro,D,20477,Tigre,A,1149
1169,20591,Tigre,D,20615,Retiro,A,870
1170,20686,Retiro,D,20710,Tigre,A,959
1171,20801,Tigre,D,20825,Retiro,A,1040
1172,20921,Retiro,D,20945,Tigre,A,942
1173,21071,Tigre,D,21095,Retiro,A,1027
1174,21200,Retiro,D,21224,Tigre,A,802
1175,21276,Tigre,D,21300,Retiro,A,672
1176,21419,Retiro,D,21443,Tigre,A,1392
1177,21521,Tigre,D,21545,Retiro,A,894
1178,21678,Retiro,D,21702,Tigre,A,1201
1179,21780,Tigre,D,21804,Retiro,A,1247
1180,21910,Retiro,D,21934,Tigre,A,809
1181,22007,Tigre,D,22031,Retiro,A,1092
1182,22153,Retiro,D,22177,Tigre,A,865
1183,22262,Tigre,D,22286,Retiro,A,984
1184,22371,Retiro,D,22395,Tigre,A,1246
1185,22517,Tigre,D,22541,Retiro,A,1167
1186,22646,Retiro,D,22670,Tigre,A,938
1187,22722,Tigre,D,22746,Retiro,A,987
1188,22883,Retiro,D,22907,Tigre,A,926
1189,22982,Tigre,D,23006,Retiro,A,857
1190,23099,Retiro,D,23123,Tigre,A,527
1191,23194,Tigre,D,23218,Retiro,A,1031
1192,23333,Retiro,D,23357,Tigre,A,868
1193,23462,Tigre,D,23486,Retiro,A,1193
1194,23579,Retiro,D,23603,Tigre,A,1163
1195,23729,Tigre,D,23753,Retiro,A,950
1196,23819,Retiro,D,23843,Tigre,A,1139
1197,23927,Tigre,D,23951,Retiro,A,944
1198,24037,Retiro,D,24061,Tigre,A,831
1199,24182,Tigre,D,24206,Retiro,A,843
1200,24290,Retiro,D,24314,Tigre,A,988
1201,24403,Tigre,D,24427,Retiro,A,738
1202,24532,Retiro,D,24556,Tigre,A,1356
1203,24678,Tigre,D,24702,Retiro,A,697
1204,24775,Retiro,D,24799,Tigre,A,938
1205,24912,Tigre,D,24936,Retiro,A,867
1206,25014,Retiro,D,25038,Tigre,A,972
1207,25122,Tigre,D,25146,Retiro,A,897
1208,25248,Retiro,D,25272,Tigre,A,1110
1209,25388,Tigre,D,25412,Retiro,A,654
1210,25507,Retiro,D,25531,Tigre,A,974
1211,25649,Tigre,D,25673,Retiro,A,895
1212,25712,Retiro,D,25736,Tigre,A,608
1213,25851,Tigre,D,25875,Retiro,A,927
1214,25995,Retiro,D,26019,Tigre,A,1016
1215,26105,Tigre,D,26129,Retiro,A,1380
1216,26224,Retiro,D,26248,Tigre,A,1153
1217,26317,Tigre,D,26341,Retiro,A,905
1218,26444,Retiro,D,26468,Tigre,A,1179
1219,26592,Tigre,D,26616,Retiro,A,1283
1220,26724,Retiro,D,26748,Tigre,A,1049
1221,26819,Tigre,D,26843,Retiro,A,770
1222,26921,Retiro,D,26945,Tigre,A,814
1223,27062,Tigre,D,27086,Retiro,A,911
1224,27160,Retiro,D,27184,Tigre,A,947
1225,27313,Tigre,D,27337,Retiro,A,1146
1226,27426,Retiro,D,27450,Tigre,A,962
1227,27551,Tigre,D,27575,Retiro,A,643
1228,27674,Retiro,D,27698,Tigre,A,1185
1229,27799,Tigre,D,27823,Retiro,A,1169
1230,27904,Retiro,D,27928,Tigre,A,1274
1231,28013,Tigre,D,28037,Retiro,A,794
1232,28131,Retiro,D,28155,Tigre,A,1128
1233,28231,Tigre,D,28255,Retiro,A,934
1234,28397,Retiro,D,28421,Tigre,A,1083
1235,28528,Tigre,D,28552,Retiro,A,676
1236,28608,Retiro,D,28632,Tigre,A,504
1237,28716,Tigre,D,28740,Retiro,A,693
1238,28856,Retiro,D,28880,Tigre,A,1096
1239,28992,Tigre,D,29016,Retiro,A,895
1240,29117,Retiro,D,29141,Tigre,A,1103
1241,29191,Tigre,D,29215,Retiro,A,760
1242,29353,Retiro,D,29377,Tigre,A,1205
1243,29461,Tigre,D,29485,Retiro,A,923
1244,29605,Retiro,D,29629,Tigre,A,999
1245,29691,Tigre,D,29715,Retiro,A,1196
1246,29795,Retiro,D,29819,Tigre,A,877
1247,29920,Tigre,D,29944,Retiro,A,1017
1248,30035,Retiro,D,30059,Tigre,A,948
1249,30156,Tigre,D,30180,Retiro,A,544
1250,30284,Retiro,D,30308,Tigre,A,687
1251,30416,Tigre,D,30440,Retiro,A,834
1252,30527,Retiro,D,30551,Tigre,A,840
1253,30680,Tigre,D,30704,Retiro,A,1207
1254,30774,Retiro,D,30798,Tigre,A,847
1255,30879,Tigre,D,30903,Retiro,A,876
1256,30990,Retiro,D,31014,Tigre,A,1101
1257,31144,Tigre,D,31168,Retiro,A,595
1258,31232,Retiro,D,31256,Tigre,A,975
1259,31380,Tigre,D,31404,Retiro,A,569
1260,31496,Retiro,D,31520,Tigre,A,686
1261,31640,Tigre,D,31664,Retiro,A,1081
1262,31755,Retiro,D,31779,Tigre,A,1097
1263,31864,Tigre,D,31888,Retiro,A,851
1264,31960,Retiro,D,31984,Tigre,A,1038
1265,32103,Tigre,D,32127,Retiro,A,864
1266,32234,Retiro,D,32258,Tigre,A,1155
1267,32331,Tigre,D,32355,Retiro,A,968
1268,32473,Retiro,D,32497,Tigre,A,1314
1269,32605,Tigre,D,32629,Retiro,A,1204
1270,32713,Retiro,D,32737,Tigre,A,789
1271,32818,Tigre,D,32842,Retiro,A,1026
1272,32943,Retiro,D,32967,Tigre,A,718
1273,33074,Tigre,D,33098,Retiro,A,727
1274,33184,Retiro,D,33208,Tigre,A,1238
1275,33279,Tigre,D,33303,Retiro,A,1072
1276,33416,Retiro,D,33440,Tigre,A,1490
1277,33528,Tigre,D,33552,Retiro,A,1334
1278,33672,Retiro,D,33696,Tigre,A,876
1279,33768,Tigre,D,33792,Retiro,A,1198
1280,33876,Retiro,D,33900,Tigre,A,1048
1281,34024,Tigre,D,34048,Retiro,A,1054
1282,34129,Retiro,D,34153,Tigre,A,1270
1283,34233,Tigre,D,34257,Retiro,A,1133
1284,34377,Retiro,D,34401,Tigre,A,929
1285,34482,Tigre,D,34506,Retiro,A,836
1286,34622,Retiro,D,34646,Tigre,A,935
1287,34766,Tigre,D,34790,Retiro,A,874
1288,34889,Retiro,D,34913,Tigre,A,1079
1289,34970,Tigre,D,34994,Retiro,A,1193
1290,35081,Retiro,D,35105,Tigre,A,1071
1291,35209,Tigre,D,35233,Retiro,A,798
1292,35354,Retiro,D,35378,Tigre,A,986
1293,35488,Tigre,D,35512,Retiro,A,921
1294,35592,Retiro,D,35616,Tigre,A,878
1295,35708,Tigre,D,35732,Retiro,A,1065
1296,35837,Retiro,D,35861,Tigre,A,740
1297,35940,Tigre,D,35964,Retiro,A,1202
1298,36046,Retiro,D,36070,Tigre,A,1226
1299,36207,Tigre,D,36231,Retiro,A,905
1300,36274,Retiro,D,36298,Tigre,A,672
1301,36402,Tigre,D,36426,Retiro,A,1020
1302,36557,Retiro,D,36581,Tigre,A,958
1303,36639,Tigre,D,36663,Retiro,A,1272
1304,36773,Retiro,D,36797,Tigre,A,762
1305,36885,Tigre,D,36909,Retiro,A,1162
1306,37045,Retiro,D,37069,Tigre,A,1100
1307,37126,Tigre,D,37150,Retiro,A,1152
1308,37244,Retiro,D,37268,Tigre,A,941
1309,37394,Tigre,D,37418,Retiro,A,978
1310,37515,Retiro,D,37539,Tigre,A,777
1311,37592,Tigre,D,37616,Retiro,A,902
1312,37724,Retiro,D,37748,Tigre,A,815
1313,37867,Tigre,D,37891,Retiro,A,1137
1314,37980,Retiro,D,38004,Tigre,A,932
1315,38116,Tigre,D,38140,Retiro,A,955
1316,38205,Retiro,D,38229,Tigre,A,848
1317,38331,Tigre,D,38355,Retiro,A,685
1318,38446,Retiro,D,38470,Tigre,A,977
1319,38565,Tigre,D,38589,Retiro,A,824
1320,38674,Retiro,D,38698,Tigre,A,1095
1321,38827,Tigre,D,38851,Retiro,A,1003
1322,38922,Retiro,D,38946,Tigre,A,478
1323,39081,Tigre,D,39105,Retiro,A,985
1324,39181,Retiro,D,39205,Tigre,A,895
1325,39293,Tigre,D,39317,Retiro,A,1302
1326,39444,Retiro,D,39468,Tigre,A,1132
1327,39567,Tigre,D,39591,Retiro,A,693
1328,39660,Retiro,D,39684,Tigre,A,1064
1329,39771,Tigre,D,39795,Retiro,A,1112
1330,39876,Retiro,D,39900,Tigre,A,908
1331,39993,Tigre,D,40017,Retiro,A,716
1332,40157,Retiro,D,40181,Tigre,A,1271
1333,40265,Tigre,D,40289,Retiro,A,1180
1334,40356,Retiro,D,40380,Tigre,A,1235
1335,40475,Tigre,D,40499,Retiro,A,1226
1336,40621,Retiro,D,40645,Tigre,A,1214
1337,40733,Tigre,D,40757,Retiro,A,1207
1338,40882,Retiro,D,40906,Tigre,A,1049
1339,41001,Tigre,D,41025,Retiro,A,1072
1340,41112,Retiro,D,41136,Tigre,A,1085
1341,41219,Tigre,D,41243,Retiro,A,1036
1342,41332,Retiro,D,41356,Tigre,A,813
1343,41448,Tigre,D,41472,Retiro,A,642
1344,41593,Retiro,D,41617,Tigre,A,1240
1345,41711,Tigre,D,41735,Retiro,A,1003
1346,41802,Retiro,D,41826,Tigre,A,942
1347,41910,Tigre,D,41934,Retiro,A,1306
1348,42077,Retiro,D,42101,Tigre,A,1092
1349,42159,Tigre,D,42183,Retiro,A,857
1350,42307,Retiro,D,42331,Tigre,A,1211
1351,42443,Tigre,D,42467,Retiro,A,1244
1352,42531,Retiro,D,42555,Tigre,A,947
1353,42648,Tigre,D,42672,Retiro,A,789
1354,42778,Retiro,D,42802,Tigre,A,941
1355,42889,Tigre,D,42913,Retiro,A,1137
1356,43033,Retiro,D,43057,Tigre,A,868
1357,43142,Tigre,D,43166,Retiro,A,1162
1358,43241,Retiro,D,43265,Tigre,A,1034
1359,43387,Tigre,D,43411,Retiro,A,1171
1360,43486,Retiro,D,43510,Tigre,A,1255
1361,43597,Tigre,D,43621,Retiro,A,1176
1362,43767,Retiro,D,43791,Tigre,A,1241
1363,43832,Tigre,D,43856,Retiro,A,1074
1364,43950,Retiro,D,43974,Tigre,A,1165
1365,44100,Tigre,D,44124,Retiro,A,703
1366,44235,Retiro,D,44259,Tigre,A,1216
1367,44325,Tigre,D,44349,Retiro,A,670
1368,44475,Retiro,D,44499,Tigre,A,843
1369,44570,Tigre,D,44594,Retiro,A,785
1370,44706,Retiro,D,44730,Tigre,A,1175
1371,44795,Tigre,D,44819,Retiro,A,842
1372,44966,Retiro,D,44990,Tigre,A,1215
1373,45036,Tigre,D,45060,Retiro,A,806
1374,45178,Retiro,D,45202,Tigre,A,856
1375,45270,Tigre,D,45294,Retiro,A,704
1376,45408,Retiro,D,45432,Tigre,A,1412
1377,45513,Tigre,D,45537,Retiro,A,1058
1378,45644,Retiro,D,45668,Tigre,A,883
1379,45805,Tigre,D,45829,Retiro,A,833
1380,45918,Retiro,D,45942,Tigre,A,1174
1381,46041,Tigre,D,46065,Retiro,A,1257
1382,46162,Retiro,D,46186,Tigre,A,1154
1383,46279,Tigre,D,46303,Retiro,A,878
1384,46406,Retiro,D,46430,Tigre,A,870
1385,46485,Tigre,D,46509,Retiro,A,888
1386,46606,Retiro,D,46630,Tigre,A,920
1387,46717,Tigre,D,46741,Retiro,A,742
1388,46841,Retiro,D,46865,Tigre,A,943
1389,46994,Tigre,D,47018,Retiro,A,1089
1390,47097,Retiro,D,47121,Tigre,A,1016
1391,47190,Tigre,D,47214,Retiro,A,1068
1392,47367,Retiro,D,47391,Tigre,A,984
1393,47448,Tigre,D,47472,Retiro,A,1111
1394,47599,Retiro,D,47623,Tigre,A,1312
1395,47684,Tigre,D,47708,Retiro,A,895
1396,47818,Retiro,D,47842,Tigre,A,1181
1397,47957,Tigre,D,47981,Retiro,A,858
1398,48087,Retiro,D,48111,Tigre,A,1005
1399,48178,Tigre,D,48202,Retiro,A,1116
1400,48323,Retiro,D,48347,Tigre,A,920
1401,48420,Tigre,D,48444,Retiro,A,908
1402,48558,Retiro,D,48582,Tigre,A,459
1403,48640,Tigre,D,48664,Retiro,A,1198
1404,48763,Retiro,D,48787,Tigre,A,1501
1405,48911,Tigre,D,48935,Retiro,A,1086
1406,49022,Retiro,D,49046,Tigre,A,818
1407,49158,Tigre,D,49182,Retiro,A,1409
1408,49276,Retiro,D,49300,Tigre,A,1097
1409,49357,Tigre,D,49381,Retiro,A,753
1410,49494,Retiro,D,49518,Tigre,A,883
1411,49639,Tigre,D,49663,Retiro,A,1249
1412,49759,Retiro,D,49783,Tigre,A,1338
1413,49873,Tigre,D,49897,Retiro,A,962
1414,49998,Retiro,D,50022,Tigre,A,812
1415,50089,Tigre,D,50113,Retiro,A,955
1416,50194,Retiro,D,50218,Tigre,A,478
1417,50369,Tigre,D,50393,Retiro,A,1204
1418,50478,Retiro,D,50502,Tigre,A,947
1419,50555,Tigre,D,50579,Retiro,A,810
1420,50709,Retiro,D,50733,Tigre,A,1165
1421,50840,Tigre,D,50864,Retiro,A,939
1422,50923,Retiro,D,50947,Tigre,A,863
1423,51051,Tigre,D,51075,Retiro,A,746
1424,51176,Retiro,D,51200,Tigre,A,687
1425,51311,Tigre,D,51335,Retiro,A,1163
1426,51415,Retiro,D,51439,Tigre,A,930
1427,51516,Tigre,D,51540,Retiro,A,1114
1428,51667,Retiro,D,51691,Tigre,A,1271
1429,51796,Tigre,D,51820,Retiro,A,1398
1430,51924,Retiro,D,51948,Tigre,A,994
1431,52020,Tigre,D,52044,Retiro,A,791
1432,52139,Retiro,D,52163,Tigre,A,1130
1433,52284,Tigre,D,52308,Retiro,A,1166
1434,52357,Retiro,D,52381,Tigre,A,881
1435,52485,Tigre,D,52509,Retiro,A,1065
1436,52608,Retiro,D,52632,Tigre,A,1149
1437,52728,Tigre,D,52752,Retiro,A,1001
1438,52869,Retiro,D,52893,Tigre,A,1052
1439,52952,Tigre,D,52976,Retiro,A,961
1440,53103,Retiro,D,53127,Tigre,A,855
1441,53201,Tigre,D,53225,Retiro,A,1094
1442,53364,Retiro,D,53388,Tigre,A,1114
1443,53475,Tigre,D,53499,Retiro,A,1055
1444,53604,Retiro,D,53628,Tigre,A,932
1445,53681,Tigre,D,53705,Retiro,A,1465
1446,53803,Retiro,D,53827,Tigre,A,937
1447,53955,Tigre,D,53979,Retiro,A,1471
1448,54052,Retiro,D,54076,Tigre,A,692
1449,54174,Tigre,D,54198,Retiro,A,938
1450,54319,Retiro,D,54343,Tigre,A,776
1451,54413,Tigre,D,54437,Retiro,A,1154
1452,54522,Retiro,D,54546,Tigre,A,859
1453,54673,Tigre,D,54697,Retiro,A,788
1454,54793,Retiro,D,54817,Tigre,A,810
1455,54881,Tigre,D,54905,Retiro,A,1001
1456,55009,Retiro,D,55033,Tigre,A,1009
1457,55143,Tigre,D,55167,Retiro,A,1201
1458,55231,Retiro,D,55255,Tigre,A,1502
1459,55388,Tigre,D,55412,Retiro,A,930
1460,55493,Retiro,D,55517,Tigre,A,760
1461,55625,Tigre,D,55649,Retiro,A,891
1462,55746,Retiro,D,55770,Tigre,A,1144
1463,55875,Tigre,D,55899,Retiro,A,1086
1464,55966,Retiro,D,55990,Tigre,A,982
1465,56104,Tigre,D,56128,Retiro,A,902
1466,56245,Retiro,D,56269,Tigre,A,693
1467,56310,Tigre,D,56334,Retiro,A,519
1468,56469,Retiro,D,56493,Tigre,A,1322
1469,56583,Tigre,D,56607,Retiro,A,1285
1470,56710,Retiro,D,56734,Tigre,A,627
1471,56841,Tigre,D,56865,Retiro,A,1055
1472,56960,Retiro,D,56984,Tigre,A,1170
1473,57045,Tigre,D,57069,Retiro,A,1147
1474,57192,Retiro,D,57216,Tigre,A,892
1475,57310,Tigre,D,57334,Retiro,A,1142
1476,57423,Retiro,D,57447,Tigre,A,810
1477,57511,Tigre,D,57535,Retiro,A,1014
1478,57664,Retiro,D,57688,Tigre,A,951
1479,57765,Tigre,D,57789,Retiro,A,830
1480,57879,Retiro,D,57903,Tigre,A,1055
1481,58011,Tigre,D,58035,Retiro,A,932
1482,58168,Retiro,D,58192,Tigre,A,912
1483,58244,Tigre,D,58268,Retiro,A,1376
1484,58387,Retiro,D,58411,Tigre,A,1402
1485,58528,Tigre,D,58552,Retiro,A,842
1486,58619,Retiro,D,58643,Tigre,A,1584
1487,58753,Tigre,D,58777,Retiro,A,1144
1488,58830,Retiro,D,58854,Tigre,A,971
1489,58959,Tigre,D,58983,Retiro,A,748
1490,59103,Retiro,D,59127,Tigre,A,1351
1491,59246,Tigre,D,59270,Retiro,A,940
1492,59363,Retiro,D,59387,Tigre,A,894
1493,59460,Tigre,D,59484,Retiro,A,1038
1494,59581,Retiro,D,59605,Tigre,A,1277
1495,59688,Tigre,D,59712,Retiro,A,909
1496,59790,Retiro,D,59814,Tigre,A,1103
1497,59927,Tigre,D,59951,Retiro,A,1601
1498,60050,Retiro,D,60074,Tigre,A,1046
1499,60173,Tigre,D,60197,Retiro,A,1049
1500,60306,Retiro,D,60330,Tigre,A,1051
1501,60407,Tigre,D,60431,Retiro,A,1300
1502,60516,Retiro,D,60540,Tigre,A,702
1503,60661,Tigre,D,60685,Retiro,A,844
1504,60787,Retiro,D,60811,Tigre,A,802
1505,60919,Tigre,D,60943,Retiro,A,811
1506,60999,Retiro,D,61023,Tigre,A,722
1507,61129,Tigre,D,61153,Retiro,A,774
1508,61259,Retiro,D,61283,Tigre,A,708
1509,61396,Tigre,D,61420,Retiro,A,701
1510,61510,Retiro,D,61534,Tigre,A,795
1511,61625,Tigre,D,61649,Retiro,A,824
1512,61744,Retiro,D,61768,Tigre,A,808
1513,61887,Tigre,D,61911,Retiro,A,1072
1514,61954,Retiro,D,61978,Tigre,A,1252
1515,62121,Tigre,D,62145,Retiro,A,793
1516,62242,Retiro,D,62266,Tigre,A,836
1517,62365,Tigre,D,62389,Retiro,A,1094
1518,62462,Retiro,D,62486,Tigre,A,882
1519,62563,Tigre,D,62587,Retiro,A,749
1520,62672,Retiro,D,62696,Tigre,A,1004
1521,62826,Tigre,D,62850,Retiro,A,546
1522,62967,Retiro,D,62991,Tigre,A,1510
1523,63068,Tigre,D,63092,Retiro,A,1249
1524,63176,Retiro,D,63200,Tigre,A,812
1525,63300,Tigre,D,63324,Retiro,A,1043
1526,63402,Retiro,D,63426,Tigre,A,1128
1527,63555,Tigre,D,63579,Retiro,A,1169
1528,63689,Retiro,D,63713,Tigre,A,1052
1529,63805,Tigre,D,63829,Retiro,A,794
1530,63887,Retiro,D,63911,Tigre,A,557
1531,64023,Tigre,D,64047,Retiro,A,1066
1532,64167,Retiro,D,64191,Tigre,A,867
1533,64257,Tigre,D,64281,Retiro,A,1209
1534,64361,Retiro,D,64385,Tigre,A,1075
1535,64522,Tigre,D,64546,Retiro,A,1149
1536,64601,Retiro,D,64625,Tigre,A,961
1537,64769,Tigre,D,64793,Retiro,A,1270
1538,64887,Retiro,D,64911,Tigre,A,1127
1539,64984,Tigre,D,65008,Retiro,A,926
1540,65129,Retiro,D,65153,Tigre,A,719
1541,65233,Tigre,D,65257,Retiro,A,837
1542,65365,Retiro,D,65389,Tigre,A,988
1543,65486,Tigre,D,65510,Retiro,A,857
1544,65607,Retiro,D,65631,Tigre,A,812
1545,65704,Tigre,D,65728,Retiro,A,518
1546,65828,Retiro,D,65852,Tigre,A,983
1547,65913,Tigre,D,65937,Retiro,A,1211
1548,66041,Retiro,D,66065,Tigre,A,960
1549,66177,Tigre,D,66201,Retiro,A,1269
1550,66302,Retiro,D,66326,Tigre,A,913
1551,66404,Tigre,D,66428,Retiro,A,695
1552,66535,Retiro,D,66559,Tigre,A,770
1553,66660,Tigre,D,66684,Retiro,A,481
1554,66792,Retiro,D,66816,Tigre,A,842
1555,66915,Tigre,D,66939,Retiro,A,1203
1556,67023,Retiro,D,67047,Tigre,A,874
1557,67143,Tigre,D,67167,Retiro,A,833
1558,67280,Retiro,D,67304,Tigre,A,971
1559,67392,Tigre,D,67416,Retiro,A,944
1560,67515,Retiro,D,67539,Tigre,A,863
1561,67608,Tigre,D,67632,Retiro,A,1248
1562,67718,Retiro,D,67742,Tigre,A,1204
1563,67869,Tigre,D,67893,Retiro,A,929
1564,67980,Retiro,D,68004,Tigre,A,1005
1565,68076,Tigre,D,68100,Retiro,A,854
1566,68217,Retiro,D,68241,Tigre,A,901
1567,68346,Tigre,D,68370,Retiro,A,639
1568,68478,Retiro,D,68502,Tigre,A,900
1569,68587,Tigre,D,68611,Retiro,A,1342
1570,68708,Retiro,D,68732,Tigre,A,865
1571,68834,Tigre,D,68858,Retiro,A,1117
1572,68913,Retiro,D,68937,Tigre,A,1217
1573,69042,Tigre,D,69066,Retiro,A,767
1574,69185,Retiro,D,69209,Tigre,A,874
1575,69279,Tigre,D,69303,Retiro,A,1222
1576,69409,Retiro,D,69433,Tigre,A,917
1577,69533,Tigre,D,69557,Retiro,A,1008
1578,69633,Retiro,D,69657,Tigre,A,897
1579,69757,Tigre,D,69781,Retiro,A,800
1580,69910,Retiro,D,69934,Tigre,A,923
1581,70046,Tigre,D,70070,Retiro,A,1315
1582,70112,Retiro,D,70136,Tigre,A,1062
1583,70272,Tigre,D,70296,Retiro,A,916
1584,70400,Retiro,D,70424,Tigre,A,670
1585,70518,Tigre,D,70542,Retiro,A,970
1586,70629,Retiro,D,70653,Tigre,A,1086
1587,70766,Tigre,D,70790,Retiro,A,1299
1588,70883,Retiro,D,70907,Tigre,A,1176
1589,71008,Tigre,D,71032,Retiro,A,693
1590,71085,Retiro,D,71109,Tigre,A,1024
1591,71204,Tigre,D,71228,Retiro,A,1166
1592,71344,Retiro,D,71368,Tigre,A,968
1593,71452,Tigre,D,71476,Retiro,A,1319
1594,71592,Retiro,D,71616,Tigre,A,1125
1595,71680,Tigre,D,71704,Retiro,A,1125
1596,71799,Retiro,D,71823,Tigre,A,1474
1597,71938,Tigre,D,71962,Retiro,A,838
1598,72038,Retiro,D,72062,Tigre,A,1142
1599,72203,Tigre,D,72227,Retiro,A,1264
1600,72290,Retiro,D,72314,Tigre,A,976
1601,72440,Tigre,D,72464,Retiro,A,1356
1602,72539,Retiro,D,72563,Tigre,A,683
1603,72634,Tigre,D,72658,Retiro,A,584
1604,72772,Retiro,D,72796,Tigre,A,880
1605,72926,Tigre,D,72950,Retiro,A,1204
1606,73028,Retiro,D,73052,Tigre,A,1270
1607,73145,Tigre,D,73169,Retiro,A,914
1608,73285,Retiro,D,73309,Tigre,A,1360
1609,73388,Tigre,D,73412,Retiro,A,844
1610,73518,Retiro,D,73542,Tigre,A,1000
1611,73605,Tigre,D,73629,Retiro,A,1140
1612,73748,Retiro,D,73772,Tigre,A,848
1613,73869,Tigre,D,73893,Retiro,A,1002
1614,73954,Retiro,D,73978,Tigre,A,1014
1615,74083,Tigre,D,74107,Retiro,A,1356
1616,74241,Retiro,D,74265,Tigre,A,1276
1617,74310,Tigre,D,74334,Retiro,A,1300
1618,74466,Retiro,D,74490,Tigre,A,797
1619,74606,Tigre,D,74630,Retiro,A,932
1620,74721,Retiro,D,74745,Tigre,A,853
1621,74790,Tigre,D,74814,Retiro,A,1029
1622,74923,Retiro,D,74947,Tigre,A,1120
1623,75083,Tigre,D,75107,Retiro,A,1408
1624,75150,Retiro,D,75174,Tigre,A,1058
1625,75310,Tigre,D,75334,Retiro,A,1371
1626,75427,Retiro,D,75451,Tigre,A,654
1627,75546,Tigre,D,75570,Retiro,A,986
1628,75640,Retiro,D,75664,Tigre,A,991
1629,75757,Tigre,D,75781,Retiro,A,808
1630,75920,Retiro,D,75944,Tigre,A,1158
1631,76024,Tigre,D,76048,Retiro,A,1377
1632,76147,Retiro,D,76171,Tigre,A,1018
1633,76268,Tigre,D,76292,Retiro,A,937
1634,76367,Retiro,D,76391,Tigre,A,944
1635,76497,Tigre,D,76521,Retiro,A,797
1636,76636,Retiro,D,76660,Tigre,A,738
1637,76717,Tigre,D,76741,Retiro,A,466
1638,76887,Retiro,D,76911,Tigre,A,1012
1639,76952,Tigre,D,76976,Retiro,A,904
1640,77075,Retiro,D,77099,Tigre,A,1225
1641,77198,Tigre,D,77222,Retiro,A,980
1642,77346,Retiro,D,77370,Tigre,A,953
1643,77435,Tigre,D,77459,Retiro,A,943
1644,77559,Retiro,D,77583,Tigre,A,994
1645,77727,Tigre,D,77751,Retiro,A,903
1646,77817,Retiro,D,77841,Tigre,A,1169
1647,77914,Tigre,D,77938,Retiro,A,981
1648,78086,Retiro,D,78110,Tigre,A,1040
1649,78194,Tigre,D,78218,Retiro,A,978
1650,78318,Retiro,D,78342,Tigre,A,689
1651,78435,Tigre,D,78459,Retiro,A,883
1652,78518,Retiro,D,78542,Tigre,A,1187
1653,78647,Tigre,D,78671,Retiro,A,889
1654,78799,Retiro,D,78823,Tigre,A,1151
1655,78925,Tigre,D,78949,Retiro,A,1052
1656,79044,Retiro,D,79068,Tigre,A,997
1657,79159,Tigre,D,79183,Retiro,A,835
1658,79259,Retiro,D,79283,Tigre,A,1152
1659,79383,Tigre,D,79407,Retiro,A,969
1660,79499,Retiro,D,79523,Tigre,A,755
1661,79609,Tigre,D,79633,Retiro,A,1048
1662,79756,Retiro,D,79780,Tigre,A,726
1663,79871,Tigre,D,79895,Retiro,A,949
1664,79961,Retiro,D,79985,Tigre,A,1270
1665,80123,Tigre,D,80147,Retiro,A,896
1666,80234,Retiro,D,80258,Tigre,A,730
1667,80353,Tigre,D,80377,Retiro,A,1128
1668,80439,Retiro,D,80463,Tigre,A,1003
1669,80565,Tigre,D,80589,Retiro,A,864
1670,80721,Retiro,D,80745,Tigre,A,939
1671,80834,Tigre,D,80858,Retiro,A,956
1672,80919,Retiro,D,80943,Tigre,A,709
1673,81077,Tigre,D,81101,Retiro,A,874
1674,81166,Retiro,D,81190,Tigre,A,764
1675,81321,Tigre,D,81345,Retiro,A,1106
1676,81435,Retiro,D,81459,Tigre,A,1048
1677,81542,Tigre,D,81566,Retiro,A,1342
1678,81654,Retiro,D,81678,Tigre,A,1264
1679,81789,Tigre,D,81813,Retiro,A,1269
1680,81871,Retiro,D,81895,Tigre,A,1130
1681,82025,Tigre,D,82049,Retiro,A,540
1682,82166,Retiro,D,82190,Tigre,A,1115
1683,82244,Tigre,D,82268,Retiro,A,1700
1684,82373,Retiro,D,82397,Tigre,A,705
1685,82512,Tigre,D,82536,Retiro,A,1247
1686,82606,Retiro,D,82630,Tigre,A,528
1687,82740,Tigre,D,82764,Retiro,A,469
1688,82856,Retiro,D,82880,Tigre,A,950
1689,82951,Tigre,D,82975,Retiro,A,1114
1690,83125,Retiro,D,83149,Tigre,A,1026
1691,83235,Tigre,D,83259,Retiro,A,834
1692,83338,Retiro,D,83362,Tigre,A,974
1693,83438,Tigre,D,83462,Retiro,A,1407
1694,83570,Retiro,D,83594,Tigre,A,1181
1695,83716,Tigre,D,83740,Retiro,A,1392
1696,83805,Retiro,D,83829,Tigre,A,1087
1697,83938,Tigre,D,83962,Retiro,A,1030
1698,84040,Retiro,D,84064,Tigre,A,1118
1699,84205,Tigre,D,84229,Retiro,A,1337
1700,84328,Retiro,D,84352,Tigre,A,1041
1701,84429,Tigre,D,84453,Retiro,A,914
1702,84566,Retiro,D,84590,Tigre,A,1058
1703,84687,Tigre,D,84711,Retiro,A,814
1704,84752,Retiro,D,84776,Tigre,A,929
1705,84888,Tigre,D,84912,Retiro,A,986
1706,85037,Retiro,D,85061,Tigre,A,998
1707,85144,Tigre,D,85168,Retiro,A,616
1708,85238,Retiro,D,85262,Tigre,A,1259
1709,85378,Tigre,D,85402,Retiro,A,967
1710,85471,Retiro,D,85495,Tigre,A,783
1711,85646,Tigre,D,85670,Retiro,A,998
1712,85727,Retiro,D,85751,Tigre,A,899
1713,85847,Tigre,D,85871,Retiro,A,846
1714,85996,Retiro,D,86020,Tigre,A,970
1715,86112,Tigre,D,86136,Retiro,A,1055
1716,86246,Retiro,D,86270,Tigre,A,1131
1717,86327,Tigre,D,86351,Retiro,A,1372
1718,86433,Retiro,D,86457,Tigre,A,847
1719,86600,Tigre,D,86624,Retiro,A,878
1720,86712,Retiro,D,86736,Tigre,A,673
1721,86843,Tigre,D,86867,Retiro,A,1337
1722,86934,Retiro,D,86958,Tigre,A,695
1723,87052,Tigre,D,87076,Retiro,A,889
1724,87178,Retiro,D,87202,Tigre,A,580
1725,87285,Tigre,D,87309,Retiro,A,669
1726,87408,Retiro,D,87432,Tigre,A,913
1727,87540,Tigre,D,87564,Retiro,A,652
1728,87653,Retiro,D,87677,Tigre,A,1430
1729,87763,Tigre,D,87787,Retiro,A,1015
1730,87881,Retiro,D,87905,Tigre,A,621
1731,88015,Tigre,D,88039,Retiro,A,1252
1732,88116,Retiro,D,88140,Tigre,A,925
1733,88263,Tigre,D,88287,Retiro,A,913
1734,88404,Retiro,D,88428,Tigre,A,1185
1735,88528,Tigre,D,88552,Retiro,A,824
1736,88618,Retiro,D,88642,Tigre,A,1259
1737,88738,Tigre,D,88762,Retiro,A,1032
1738,88889,Retiro,D,88913,Tigre,A,617
1739,88976,Tigre,D,89000,Retiro,A,1159
1740,89107,Retiro,D,89131,Tigre,A,843
1741,89192,Tigre,D,89216,Retiro,A,736
1742,89335,Retiro,D,89359,Tigre,A,851
1743,89430,Tigre,D,89454,Retiro,A,1152
1744,89587,Retiro,D,89611,Tigre,A,779
1745,89703,Tigre,D,89727,Retiro,A,1061
1746,89835,Retiro,D,89859,Tigre,A,1006
1747,89932,Tigre,D,89956,Retiro,A,1078
1748,90056,Retiro,D,90080,Tigre,A,1032
1749,90155,Tigre,D,90179,Retiro,A,862
1750,90312,Retiro,D,90336,Tigre,A,878
1751,90446,Tigre,D,90470,Retiro,A,890
1752,90558,Retiro,D,90582,Tigre,A,1110
1753,90663,Tigre,D,90687,Retiro,A,1048
1754,90769,Retiro,D,90793,Tigre,A,1145
1755,90916,Tigre,D,90940,Retiro,A,660
1756,91049,Retiro,D,91073,Tigre,A,1355
1757,91151,Tigre,D,91175,Retiro,A,1022
1758,91243,Retiro,D,91267,Tigre,A,1071
1759,91402,Tigre,D,91426,Retiro,A,903
1760,91526,Retiro,D,91550,Tigre,A,864
1761,91591,Tigre,D,91615,Retiro,A,1003
1762,91738,Retiro,D,91762,Tigre,A,1049
1763,91880,Tigre,D,91904,Retiro,A,1099
1764,91958,Retiro,D,91982,Tigre,A,999
1765,92112,Tigre,D,92136,Retiro,A,1385
1766,92211,Retiro,D,92235,Tigre,A,1030
1767,92326,Tigre,D,92350,Retiro,A,1604
1768,92474,Retiro,D,92498,Tigre,A,940
1769,92588,Tigre,D,92612,Retiro,A,845
1770,92676,Retiro,D,92700,Tigre,A,1087
1771,92841,Tigre,D,92865,Retiro,A,866
1772,92966,Retiro,D,92990,Tigre,A,1093
1773,93087,Tigre,D,93111,Retiro,A,589
1774,93180,Retiro,D,93204,Tigre,A,780
1775,93329,Tigre,D,93353,Retiro,A,1038
1776,93408,Retiro,D,93432,Tigre,A,1002
1777,93547,Tigre,D,93571,Retiro,A,778
1778,93661,Retiro,D,93685,Tigre,A,718
1779,93756,Tigre,D,93780,Retiro,A,1235
1780,93917,Retiro,D,93941,Tigre,A,966
1781,94043,Tigre,D,94067,Retiro,A,700
1782,94168,Retiro,D,94192,Tigre,A,954
1783,94277,Tigre,D,94301,Retiro,A,941
1784,94352,Retiro,D,94376,Tigre,A,786
1785,94528,Tigre,D,94552,Retiro,A,991
1786,94623,Retiro,D,94647,Tigre,A,1110
1787,94724,Tigre,D,94748,Retiro,A,657
1788,94885,Retiro,D,94909,Tigre,A,838
1789,94973,Tigre,D,94997,Retiro,A,800
1790,95095,Retiro,D,95119,Tigre,A,1213
1791,95238,Tigre,D,95262,Retiro,A,1175
1792,95326,Retiro,D,95350,Tigre,A,1326
1793,95462,Tigre,D,95486,Retiro,A,1056
1794,95579,Retiro,D,95603,Tigre,A,1228
1795,95707,Tigre,D,95731,Retiro,A,1115
1796,95796,Retiro,D,95820,Tigre,A,1078
1797,95924,Tigre,D,95948,Retiro,A,752
1798,96079,Retiro,D,96103,Tigre,A,1035
1799,96185,Tigre,D,96209,Retiro,A,846
1800,96313,Retiro,D,96337,Tigre,A,818
1801,96445,Tigre,D,96469,Retiro,A,851
1802,96569,Retiro,D,96593,Tigre,A,1092
1803,96682,Tigre,D,96706,Retiro,A,1073
1804,96798,Retiro,D,96822,Tigre,A,528
1805,96926,Tigre,D,96950,Retiro,A,992
1806,96997,Retiro,D,97021,Tigre,A,890
1807,97123,Tigre,D,97147,Retiro,A,961
1808,97289,Retiro,D,97313,Tigre,A,1228
1809,97355,Tigre,D,97379,Retiro,A,982
1810,97486,Retiro,D,97510,Tigre,A,1108
1811,97618,Tigre,D,97642,Retiro,A,847
1812,97766,Retiro,D,97790,Tigre,A,1383
1813,97860,Tigre,D,97884,Retiro,A,1251
1814,97976,Retiro,D,98000,Tigre,A,1023
1815,98106,Tigre,D,98130,Retiro,A,989
1816,98223,Retiro,D,98247,Tigre,A,1177
1817,98330,Tigre,D,98354,Retiro,A,941
1818,98441,Retiro,D,98465,Tigre,A,1359
1819,98585,Tigre,D,98609,Retiro,A,914
1820,98676,Retiro,D,98700,Tigre,A,945
1821,98811,Tigre,D,98835,Retiro,A,1093
1822,98923,Retiro,D,98947,Tigre,A,662
1823,99041,Tigre,D,99065,Retiro,A,817
1824,99153,Retiro,D,99177,Tigre,A,1026
1825,99321,Tigre,D,99345,Retiro,A,972
1826,99445,Retiro,D,99469,Tigre,A,1052
1827,99545,Tigre,D,99569,Retiro,A,806
1828,99667,Retiro,D,99691,Tigre,A,805
1829,99761,Tigre,D,99785,Retiro,A,975
1830,99899,Retiro,D,99923,Tigre,A,975
1831,99998,Tigre,D,100022,Retiro,A,1487
1832,100111,Retiro,D,100135,Tigre,A,880
1833,100245,Tigre,D,100269,Retiro,A,1275
1834,100408,Retiro,D,100432,Tigre,A,895
1835,100497,Tigre,D,100521,Retiro,A,905
1836,100632,Retiro,D,100656,Tigre,A,999
1837,100716,Tigre,D,100740,Retiro,A,1316
1838,100855,Retiro,D,100879,Tigre,A,1211
1839,100970,Tigre,D,100994,Retiro,A,974
1840,101074,Retiro,D,101098,Tigre,A,768
1841,101233,Tigre,D,101257,Retiro,A,973
1842,101346,Retiro,D,101370,Tigre,A,808
1843,101473,Tigre,D,101497,Retiro,A,1138
1844,101553,Retiro,D,101577,Tigre,A,1089
1845,101697,Tigre,D,101721,Retiro,A,1277
1846,101804,Retiro,D,101828,Tigre,A,1100
1847,101956,Tigre,D,101980,Retiro,A,1030
1848,102035,Retiro,D,102059,Tigre,A,841
1849,102196,Tigre,D,102220,Retiro,A,819
1850,102311,Retiro,D,102335,Tigre,A,1296
1851,102420,Tigre,D,102444,Retiro,A,1333
1852,102524,Retiro,D,102548,Tigre,A,930
1853,102667,Tigre,D,102691,Retiro,A,1164
1854,102797,Retiro,D,102821,Tigre,A,876
1855,102893,Tigre,D,102917,Retiro,A,1014
1856,103016,Retiro,D,103040,Tigre,A,1035
1857,103132,Tigre,D,103156,Retiro,A,1065
1858,103289,Retiro,D,103313,Tigre,A,1139
1859,103393,Tigre,D,103417,Retiro,A,1138
1860,103488,Retiro,D,103512,Tigre,A,471
1861,103635,Tigre,D,103659,Retiro,A,912
1862,103714,Retiro,D,103738,Tigre,A,1115
1863,103872,Tigre,D,103896,Retiro,A,905
1864,103995,Retiro,D,104019,Tigre,A,797
1865,104126,Tigre,D,104150,Retiro,A,976
1866,104237,Retiro,D,104261,Tigre,A,1153
1867,104346,Tigre,D,104370,Retiro,A,861
1868,104464,Retiro,D,104488,Tigre,A,778
1869,104576,Tigre,D,104600,Retiro,A,961
1870,104700,Retiro,D,104724,Tigre,A,854
1871,104842,Tigre,D,104866,Retiro,A,832
1872,104936,Retiro,D,104960,Tigre,A,1494
1873,105037,Tigre,D,105061,Retiro,A,1159
1874,105189,Retiro,D,105213,Tigre,A,986
1875,105310,Tigre,D,105334,Retiro,A,803
1876,105442,Retiro,D,105466,Tigre,A,1033
1877,105560,Tigre,D,105584,Retiro,A,1348
1878,105689,Retiro,D,105713,Tigre,A,1296
1879,105785,Tigre,D,105809,Retiro,A,893
1880,105917,Retiro,D,105941,Tigre,A,1213
1881,106024,Tigre,D,106048,Retiro,A,1188
1882,106133,Retiro,D,106157,Tigre,A,1251
1883,106278,Tigre,D,106302,Retiro,A,1188
1884,106397,Retiro,D,106421,Tigre,A,1055
1885,106513,Tigre,D,106537,Retiro,A,865
1886,106593,Retiro,D,106617,Tigre,A,934
1887,106744,Tigre,D,106768,Retiro,A,684
1888,106852,Retiro,D,106876,Tigre,A,961
1889,106970,Tigre,D,106994,Retiro,A,1111
1890,107076,Retiro,D,107100,Tigre,A,922
1891,107195,Tigre,D,107219,Retiro,A,1458
1892,107318,Retiro,D,107342,Tigre,A,1115
1893,107462,Tigre,D,107486,Retiro,A,1104
1894,107584,Retiro,D,107608,Tigre,A,1206
1895,107705,Tigre,D,107729,Retiro,A,1221
1896,107847,Retiro,D,107871,Tigre,A,1185
1897,107938,Tigre,D,107962,Retiro,A,1449
1898,108040,Retiro,D,108064,Tigre,A,694
1899,108197,Tigre,D,108221,Retiro,A,1511
1900,108315,Retiro,D,108339,Tigre,A,1201
1901,108417,Tigre,D,108441,Retiro,A,771
1902,108532,Retiro,D,108556,Tigre,A,1015
1903,108679,Tigre,D,108703,Retiro,A,802
1904,108801,Retiro,D,108825,Tigre,A,753
1905,108881,Tigre,D,108905,Retiro,A,1289
1906,109022,Retiro,D,109046,Tigre,A,986
1907,109117,Tigre,D,109141,Retiro,A,1243
1908,109253,Retiro,D,109277,Tigre,A,842
1909,109353,Tigre,D,109377,Retiro,A,751
1910,109475,Retiro,D,109499,Tigre,A,874
1911,109601,Tigre,D,109625,Retiro,A,1131
1912,109757,Retiro,D,109781,Tigre,A,1121
1913,109866,Tigre,D,109890,Retiro,A,946
1914,109977,Retiro,D,110001,Tigre,A,923
1915,110096,Tigre,D,110120,Retiro,A,890
1916,110190,Retiro,D,110214,Tigre,A,773
1917,110336,Tigre,D,110360,Retiro,A,888
1918,110463,Retiro,D,110487,Tigre,A,1295
1919,110580,Tigre,D,110604,Retiro,A,1009
1920,110705,Retiro,D,110729,Tigre,A,1197
1921,110808,Tigre,D,110832,Retiro,A,896
1922,110934,Retiro,D,110958,Tigre,A,1082
1923,111068,Tigre,D,111092,Retiro,A,1224
1924,111201,Retiro,D,111225,Tigre,A,999
1925,111270,Tigre,D,111294,Retiro,A,1095
1926,111434,Retiro,D,111458,Tigre,A,1146
1927,111516,Tigre,D,111540,Retiro,A,1119
1928,111630,Retiro,D,111654,Tigre,A,1277
1929,111796,Tigre,D,111820,Retiro,A,886
1930,111922,Retiro,D,111946,Tigre,A,1282
1931,112015,Tigre,D,112039,Retiro,A,914
1932,112168,Retiro,D,112192,Tigre,A,1232
1933,112258,Tigre,D,112282,Retiro,A,580
1934,112360,Retiro,D,112384,Tigre,A,665
1935,112486,Tigre,D,112510,Retiro,A,1048
1936,112642,Retiro,D,112666,Tigre,A,623
1937,112763,Tigre,D,112787,Retiro,A,874
1938,112884,Retiro,D,112908,Tigre,A,1145
1939,113005,Tigre,D,113029,Retiro,A,620
1940,113102,Retiro,D,113126,Tigre,A,965
1941,113220,Tigre,D,113244,Retiro,A,958
1942,113327,Retiro,D,113351,Tigre,A,822
1943,113477,Tigre,D,113501,Retiro,A,1010
1944,113561,Retiro,D,113585,Tigre,A,529
1945,113724,Tigre,D,113748,Retiro,A,936
1946,113817,Retiro,D,113841,Tigre,A,816
1947,113937,Tigre,D,113961,Retiro,A,795
1948,114064,Retiro,D,114088,Tigre,A,970
1949,114157,Tigre,D,114181,Retiro,A,1129
1950,114285,Retiro,D,114309,Tigre,A,990
1951,114442,Tigre,D,114466,Retiro,A,963
1952,114521,Retiro,D,114545,Tigre,A,682
1953,114674,Tigre,D,114698,Retiro,A,1321
1954,114774,Retiro,D,114798,Tigre,A,803
1955,114870,Tigre,D,114894,Retiro,A,893
1956,115040,Retiro,D,115064,Tigre,A,1438
1957,115133,Tigre,D,115157,Retiro,A,1041
1958,115258,Retiro,D,115282,Tigre,A,981
1959,115407,Tigre,D,115431,Retiro,A,874
1960,115518,Retiro,D,115542,Tigre,A,605
1961,115623,Tigre,D,115647,Retiro,A,969
1962,115742,Retiro,D,115766,Tigre,A,705
1963,115867,Tigre,D,115891,Retiro,A,966
1964,115968,Retiro,D,115992,Tigre,A,624
1965,116122,Tigre,D,116146,Retiro,A,827
1966,116205,Retiro,D,116229,Tigre,A,1011
1967,116368,Tigre,D,116392,Retiro,A,1130
1968,116439,Retiro,D,116463,Tigre,A,731
1969,116560,Tigre,D,116584,Retiro,A,922
1970,116673,Retiro,D,116697,Tigre,A,1134
1971,116793,Tigre,D,116817,Retiro,A,923
1972,116948,Retiro,D,116972,Tigre,A,1042
1973,117082,Tigre,D,117106,Retiro,A,1198
1974,117169,Retiro,D,117193,Tigre,A,735
1975,117316,Tigre,D,117340,Retiro,A,1468
1976,117407,Retiro,D,117431,Tigre,A,567
1977,117522,Tigre,D,117546,Retiro,A,1232
1978,117651,Retiro,D,117675,Tigre,A,1052
1979,117790,Tigre,D,117814,Retiro,A,700
1980,117915,Retiro,D,117939,Tigre,A,1132
1981,118011,Tigre,D,118035,Retiro,A,1173
1982,118145,Retiro,D,118169,Tigre,A,1088
1983,118239,Tigre,D,118263,Retiro,A,880
1984,118379,Retiro,D,118403,Tigre,A,1042
1985,118498,Tigre,D,118522,Retiro,A,1103
1986,118643,Retiro,D,118667,Tigre,A,1165
1987,118712,Tigre,D,118736,Retiro,A,1189
1988,118879,Retiro,D,118903,Tigre,A,1132
1989,118952,Tigre,D,118976,Retiro,A,912
1990,119082,Retiro,D,119106,Tigre,A,813
1991,119223,Tigre,D,119247,Retiro,A,957
1992,119319,Retiro,D,119343,Tigre,A,947
1993,119466,Tigre,D,119490,Retiro,A,1031
1994,119607,Retiro,D,119631,Tigre,A,935
1995,119682,Tigre,D,119706,Retiro,A,1154
1996,119804,Retiro,D,119828,Tigre,A,929
1997,119959,Tigre,D,119983,Retiro,A,1078
1998,120031,Retiro,D,120055,Tigre,A,1104
1999,120154,Tigre,D,120178,Retiro,A,1065
