{"services": {"0": {"stops": [{"time": 311, "station": "Retiro", "type": "D"}, {"time": 335, "station": "Tigre", "type": "A"}], "demand": [319]}, "1": {"stops": [{"time": 422, "station": "Tigre", "type": "D"}, {"time": 446, "station": "Retiro", "type": "A"}], "demand": [315]}, "2": {"stops": [{"time": 320, "station": "Retiro", "type": "D"}, {"time": 344, "station": "Tigre", "type": "A"}], "demand": [518]}, "3": {"stops": [{"time": 428, "station": "Tigre", "type": "D"}, {"time": 452, "station": "Retiro", "type": "A"}], "demand": [980]}}, "stations": ["Retiro", "Tigre"], "cost_per_unit": {"Tigre": 1.0, "Retiro": 1.0}, "rs_info": {"capacity": 100, "max_rs": 25}}