{"services": {"0": {"stops": [{"time": 297, "station": "Retiro", "type": "D"}, {"time": 321, "station": "Tigre", "type": "A"}], "demand": [1622]}, "1": {"stops": [{"time": 437, "station": "Tigre", "type": "D"}, {"time": 461, "station": "Retiro", "type": "A"}], "demand": [1502]}, "2": {"stops": [{"time": 529, "station": "Retiro", "type": "D"}, {"time": 553, "station": "Tigre", "type": "A"}], "demand": [1684]}, "3": {"stops": [{"time": 677, "station": "Tigre", "type": "D"}, {"time": 701, "station": "Retiro", "type": "A"}], "demand": [1353]}, "4": {"stops": [{"time": 796, "station": "Retiro", "type": "D"}, {"time": 820, "station": "Tigre", "type": "A"}], "demand": [1561]}, "5": {"stops": [{"time": 300, "station": "Tigre", "type": "D"}, {"time": 324, "station": "Retiro", "type": "A"}], "demand": [1643]}, "6": {"stops": [{"time": 395, "station": "Retiro", "type": "D"}, {"time": 419, "station": "Tigre", "type": "A"}], "demand": [1652]}, "7": {"stops": [{"time": 555, "station": "Tigre", "type": "D"}, {"time": 579, "station": "Retiro", "type": "A"}], "demand": [1424]}, "8": {"stops": [{"time": 631, "station": "Retiro", "type": "D"}, {"time": 655, "station": "Tigre", "type": "A"}], "demand": [1310]}, "9": {"stops": [{"time": 750, "station": "Tigre", "type": "D"}, {"time": 774, "station": "Retiro", "type": "A"}], "demand": [1689]}}, "stations": ["Retiro", "Tigre"], "cost_per_unit": {"Tigre": 1.0, "Retiro": 1.0}, "rs_info": {"capacity": 100, "max_rs": 25}}