{"services": {"0": {"stops": [{"time": 320, "station": "Retiro", "type": "D"}, {"time": 344, "station": "Tigre", "type": "A"}], "demand": [415]}, "1": {"stops": [{"time": 439, "station": "Tigre", "type": "D"}, {"time": 463, "station": "Retiro", "type": "A"}], "demand": [419]}, "2": {"stops": [{"time": 517, "station": "Retiro", "type": "D"}, {"time": 541, "station": "Tigre", "type": "A"}], "demand": [604]}, "3": {"stops": [{"time": 686, "station": "Tigre", "type": "D"}, {"time": 710, "station": "Retiro", "type": "A"}], "demand": [399]}, "4": {"stops": [{"time": 790, "station": "Retiro", "type": "D"}, {"time": 814, "station": "Tigre", "type": "A"}], "demand": [537]}, "5": {"stops": [{"time": 286, "station": "Tigre", "type": "D"}, {"time": 310, "station": "Retiro", "type": "A"}], "demand": [606]}, "6": {"stops": [{"time": 431, "station": "Retiro", "type": "D"}, {"time": 455, "station": "Tigre", "type": "A"}], "demand": [321]}, "7": {"stops": [{"time": 562, "station": "Tigre", "type": "D"}, {"time": 586, "station": "Retiro", "type": "A"}], "demand": [502]}, "8": {"stops": [{"time": 660, "station": "Retiro", "type": "D"}, {"time": 684, "station": "Tigre", "type": "A"}], "demand": [534]}, "9": {"stops": [{"time": 772, "station": "Tigre", "type": "D"}, {"time": 796, "station": "Retiro", "type": "A"}], "demand": [765]}}, "stations": ["Retiro", "Tigre"], "cost_per_unit": {"Tigre": 1.0, "Retiro": 2.0}, "rs_info": {"capacity": 100, "max_rs": 25}}