{"services": {"0": {"stops": [{"time": 299, "station": "Retiro", "type": "D"}, {"time": 323, "station": "Tigre", "type": "A"}], "demand": [281]}, "1": {"stops": [{"time": 425, "station": "Tigre", "type": "D"}, {"time": 449, "station": "Retiro", "type": "A"}], "demand": [266]}, "2": {"stops": [{"time": 559, "station": "Retiro", "type": "D"}, {"time": 583, "station": "Tigre", "type": "A"}], "demand": [409]}, "3": {"stops": [{"time": 633, "station": "Tigre", "type": "D"}, {"time": 657, "station": "Retiro", "type": "A"}], "demand": [521]}, "4": {"stops": [{"time": 784, "station": "Retiro", "type": "D"}, {"time": 808, "station": "Tigre", "type": "A"}], "demand": [487]}, "5": {"stops": [{"time": 324, "station": "Tigre", "type": "D"}, {"time": 348, "station": "Retiro", "type": "A"}], "demand": [759]}, "6": {"stops": [{"time": 422, "station": "Retiro", "type": "D"}, {"time": 446, "station": "Tigre", "type": "A"}], "demand": [281]}, "7": {"stops": [{"time": 513, "station": "Tigre", "type": "D"}, {"time": 537, "station": "Retiro", "type": "A"}], "demand": [473]}, "8": {"stops": [{"time": 689, "station": "Retiro", "type": "D"}, {"time": 713, "station": "Tigre", "type": "A"}], "demand": [480]}, "9": {"stops": [{"time": 795, "station": "Tigre", "type": "D"}, {"time": 819, "station": "Retiro", "type": "A"}], "demand": [786]}}, "stations": ["Retiro", "Tigre"], "cost_per_unit": {"Tigre": 1.0, "Retiro": 2.0}, "rs_info": {"capacity": 100, "max_rs": 25}}