{"services": {"0": {"stops": [{"time": 297, "station": "Retiro", "type": "D"}, {"time": 321, "station": "Tigre", "type": "A"}], "demand": [1702]}, "1": {"stops": [{"time": 416, "station": "Tigre", "type": "D"}, {"time": 440, "station": "Retiro", "type": "A"}], "demand": [1769]}, "2": {"stops": [{"time": 270, "station": "Retiro", "type": "D"}, {"time": 294, "station": "Tigre", "type": "A"}], "demand": [1777]}, "3": {"stops": [{"time": 433, "station": "Tigre", "type": "D"}, {"time": 457, "station": "Retiro", "type": "A"}], "demand": [1927]}}, "stations": ["Retiro", "Tigre"], "cost_per_unit": {"Tigre": 1.0, "Retiro": 2.0}, "rs_info": {"capacity": 100, "max_rs": 25}}