{"services": {"0": {"stops": [{"time": 290, "station": "Retiro", "type": "D"}, {"time": 314, "station": "Tigre", "type": "A"}], "demand": [1820]}, "1": {"stops": [{"time": 440, "station": "Tigre", "type": "D"}, {"time": 464, "station": "Retiro", "type": "A"}], "demand": [1876]}, "2": {"stops": [{"time": 279, "station": "Retiro", "type": "D"}, {"time": 303, "station": "Tigre", "type": "A"}], "demand": [1674]}, "3": {"stops": [{"time": 427, "station": "Tigre", "type": "D"}, {"time": 451, "station": "Retiro", "type": "A"}], "demand": [1491]}}, "stations": ["Retiro", "Tigre"], "cost_per_unit": {"Tigre": 1.0, "Retiro": 1.0}, "rs_info": {"capacity": 100, "max_rs": 25}}