{"services": {"0": {"stops": [{"time": 301, "station": "Retiro", "type": "D"}, {"time": 325, "station": "Tigre", "type": "A"}], "demand": [1795]}, "1": {"stops": [{"time": 427, "station": "Tigre", "type": "D"}, {"time": 451, "station": "Retiro", "type": "A"}], "demand": [1712]}, "2": {"stops": [{"time": 323, "station": "Retiro", "type": "D"}, {"time": 347, "station": "Tigre", "type": "A"}], "demand": [1595]}, "3": {"stops": [{"time": 422, "station": "Tigre", "type": "D"}, {"time": 446, "station": "Retiro", "type": "A"}], "demand": [1720]}}, "stations": ["Retiro", "Tigre"], "cost_per_unit": {"Tigre": 1.0, "Retiro": 2.0}, "rs_info": {"capacity": 100, "max_rs": 25}}