{"services": {"0": {"stops": [{"time": 303, "station": "Retiro", "type": "D"}, {"time": 327, "station": "Tigre", "type": "A"}], "demand": [2076]}, "1": {"stops": [{"time": 449, "station": "Tigre", "type": "D"}, {"time": 473, "station": "Retiro", "type": "A"}], "demand": [1648]}, "2": {"stops": [{"time": 527, "station": "Retiro", "type": "D"}, {"time": 551, "station": "Tigre", "type": "A"}], "demand": [2095]}, "3": {"stops": [{"time": 662, "station": "Tigre", "type": "D"}, {"time": 686, "station": "Retiro", "type": "A"}], "demand": [1901]}, "4": {"stops": [{"time": 783, "station": "Retiro", "type": "D"}, {"time": 807, "station": "Tigre", "type": "A"}], "demand": [1930]}, "5": {"stops": [{"time": 305, "station": "Tigre", "type": "D"}, {"time": 329, "station": "Retiro", "type": "A"}], "demand": [2049]}, "6": {"stops": [{"time": 446, "station": "Retiro", "type": "D"}, {"time": 470, "station": "Tigre", "type": "A"}], "demand": [1794]}, "7": {"stops": [{"time": 564, "station": "Tigre", "type": "D"}, {"time": 588, "station": "Retiro", "type": "A"}], "demand": [1643]}, "8": {"stops": [{"time": 689, "station": "Retiro", "type": "D"}, {"time": 713, "station": "Tigre", "type": "A"}], "demand": [1987]}, "9": {"stops": [{"time": 765, "station": "Tigre", "type": "D"}, {"time": 789, "station": "Retiro", "type": "A"}], "demand": [2081]}}, "stations": ["Retiro", "Tigre"], "cost_per_unit": {"Tigre": 1.0, "Retiro": 1.0}, "rs_info": {"capacity": 100, "max_rs": 25}}