{"services": {"0": {"stops": [{"time": 279, "station": "Retiro", "type": "D"}, {"time": 303, "station": "Tigre", "type": "A"}], "demand": [2456]}, "1": {"stops": [{"time": 425, "station": "Tigre", "type": "D"}, {"time": 449, "station": "Retiro", "type": "A"}], "demand": [1999]}, "2": {"stops": [{"time": 540, "station": "Retiro", "type": "D"}, {"time": 564, "station": "Tigre", "type": "A"}], "demand": [2261]}, "3": {"stops": [{"time": 631, "station": "Tigre", "type": "D"}, {"time": 655, "station": "Retiro", "type": "A"}], "demand": [2262]}, "4": {"stops": [{"time": 753, "station": "Retiro", "type": "D"}, {"time": 777, "station": "Tigre", "type": "A"}], "demand": [2079]}, "5": {"stops": [{"time": 280, "station": "Tigre", "type": "D"}, {"time": 304, "station": "Retiro", "type": "A"}], "demand": [2500]}, "6": {"stops": [{"time": 436, "station": "Retiro", "type": "D"}, {"time": 460, "station": "Tigre", "type": "A"}], "demand": [1969]}, "7": {"stops": [{"time": 541, "station": "Tigre", "type": "D"}, {"time": 565, "station": "Retiro", "type": "A"}], "demand": [1850]}, "8": {"stops": [{"time": 678, "station": "Retiro", "type": "D"}, {"time": 702, "station": "Tigre", "type": "A"}], "demand": [2224]}, "9": {"stops": [{"time": 759, "station": "Tigre", "type": "D"}, {"time": 783, "station": "Retiro", "type": "A"}], "demand": [1896]}}, "stations": ["Retiro", "Tigre"], "cost_per_unit": {"Tigre": 1.0, "Retiro": 1.0}, "rs_info": {"capacity": 100, "max_rs": 25}}