{"services": {"0": {"stops": [{"time": 311, "station": "Retiro", "type": "D"}, {"time": 335, "station": "Tigre", "type": "A"}], "demand": [1982]}, "1": {"stops": [{"time": 394, "station": "Tigre", "type": "D"}, {"time": 418, "station": "Retiro", "type": "A"}], "demand": [1982]}, "2": {"stops": [{"time": 532, "station": "Retiro", "type": "D"}, {"time": 556, "station": "Tigre", "type": "A"}], "demand": [1891]}, "3": {"stops": [{"time": 666, "station": "Tigre", "type": "D"}, {"time": 690, "station": "Retiro", "type": "A"}], "demand": [1984]}, "4": {"stops": [{"time": 768, "station": "Retiro", "type": "D"}, {"time": 792, "station": "Tigre", "type": "A"}], "demand": [2051]}, "5": {"stops": [{"time": 287, "station": "Tigre", "type": "D"}, {"time": 311, "station": "Retiro", "type": "A"}], "demand": [1873]}, "6": {"stops": [{"time": 416, "station": "Retiro", "type": "D"}, {"time": 440, "station": "Tigre", "type": "A"}], "demand": [1806]}, "7": {"stops": [{"time": 527, "station": "Tigre", "type": "D"}, {"time": 551, "station": "Retiro", "type": "A"}], "demand": [2168]}, "8": {"stops": [{"time": 686, "station": "Retiro", "type": "D"}, {"time": 710, "station": "Tigre", "type": "A"}], "demand": [1906]}, "9": {"stops": [{"time": 757, "station": "Tigre", "type": "D"}, {"time": 781, "station": "Retiro", "type": "A"}], "demand": [1728]}}, "stations": ["Retiro", "Tigre"], "cost_per_unit": {"Tigre": 1.0, "Retiro": 1.0}, "rs_info": {"capacity": 100, "max_rs": 25}}