{"services": {"0": {"stops": [{"time": 297, "station": "Retiro", "type": "D"}, {"time": 321, "station": "Tigre", "type": "A"}], "demand": [1632]}, "1": {"stops": [{"time": 434, "station": "Tigre", "type": "D"}, {"time": 458, "station": "Retiro", "type": "A"}], "demand": [2115]}, "2": {"stops": [{"time": 522, "station": "Retiro", "type": "D"}, {"time": 546, "station": "Tigre", "type": "A"}], "demand": [1663]}, "3": {"stops": [{"time": 648, "station": "Tigre", "type": "D"}, {"time": 672, "station": "Retiro", "type": "A"}], "demand": [1651]}, "4": {"stops": [{"time": 787, "station": "Retiro", "type": "D"}, {"time": 811, "station": "Tigre", "type": "A"}], "demand": [2085]}, "5": {"stops": [{"time": 310, "station": "Tigre", "type": "D"}, {"time": 334, "station": "Retiro", "type": "A"}], "demand": [2069]}, "6": {"stops": [{"time": 443, "station": "Retiro", "type": "D"}, {"time": 467, "station": "Tigre", "type": "A"}], "demand": [2014]}, "7": {"stops": [{"time": 514, "station": "Tigre", "type": "D"}, {"time": 538, "station": "Retiro", "type": "A"}], "demand": [2022]}, "8": {"stops": [{"time": 660, "station": "Retiro", "type": "D"}, {"time": 684, "station": "Tigre", "type": "A"}], "demand": [2134]}, "9": {"stops": [{"time": 766, "station": "Tigre", "type": "D"}, {"time": 790, "station": "Retiro", "type": "A"}], "demand": [2088]}}, "stations": ["Retiro", "Tigre"], "cost_per_unit": {"Tigre": 1.0, "Retiro": 1.0}, "rs_info": {"capacity": 100, "max_rs": 25}}