{"services": {"0": {"stops": [{"time": 321, "station": "Retiro", "type": "D"}, {"time": 345, "station": "Tigre", "type": "A"}], "demand": [1750]}, "1": {"stops": [{"time": 418, "station": "Tigre", "type": "D"}, {"time": 442, "station": "Retiro", "type": "A"}], "demand": [2194]}, "2": {"stops": [{"time": 556, "station": "Retiro", "type": "D"}, {"time": 580, "station": "Tigre", "type": "A"}], "demand": [2021]}, "3": {"stops": [{"time": 636, "station": "Tigre", "type": "D"}, {"time": 660, "station": "Retiro", "type": "A"}], "demand": [1999]}, "4": {"stops": [{"time": 766, "station": "Retiro", "type": "D"}, {"time": 790, "station": "Tigre", "type": "A"}], "demand": [1812]}, "5": {"stops": [{"time": 292, "station": "Tigre", "type": "D"}, {"time": 316, "station": "Retiro", "type": "A"}], "demand": [2081]}, "6": {"stops": [{"time": 401, "station": "Retiro", "type": "D"}, {"time": 425, "station": "Tigre", "type": "A"}], "demand": [1976]}, "7": {"stops": [{"time": 527, "station": "Tigre", "type": "D"}, {"time": 551, "station": "Retiro", "type": "A"}], "demand": [2147]}, "8": {"stops": [{"time": 637, "station": "Retiro", "type": "D"}, {"time": 661, "station": "Tigre", "type": "A"}], "demand": [2042]}, "9": {"stops": [{"time": 753, "station": "Tigre", "type": "D"}, {"time": 777, "station": "Retiro", "type": "A"}], "demand": [1976]}}, "stations": ["Retiro", "Tigre"], "cost_per_unit": {"Tigre": 1.0, "Retiro": 1.0}, "rs_info": {"capacity": 100, "max_rs": 25}}