{"services": {"0": {"stops": [{"time": 286, "station": "Retiro", "type": "D"}, {"time": 310, "station": "Tigre", "type": "A"}], "demand": [1562]}, "1": {"stops": [{"time": 420, "station": "Tigre", "type": "D"}, {"time": 444, "station": "Retiro", "type": "A"}], "demand": [2043]}, "2": {"stops": [{"time": 569, "station": "Retiro", "type": "D"}, {"time": 593, "station": "Tigre", "type": "A"}], "demand": [1714]}, "3": {"stops": [{"time": 654, "station": "Tigre", "type": "D"}, {"time": 678, "station": "Retiro", "type": "A"}], "demand": [1990]}, "4": {"stops": [{"time": 799, "station": "Retiro", "type": "D"}, {"time": 823, "station": "Tigre", "type": "A"}], "demand": [2313]}, "5": {"stops": [{"time": 286, "station": "Tigre", "type": "D"}, {"time": 310, "station": "Retiro", "type": "A"}], "demand": [2345]}, "6": {"stops": [{"time": 424, "station": "Retiro", "type": "D"}, {"time": 448, "station": "Tigre", "type": "A"}], "demand": [1547]}, "7": {"stops": [{"time": 559, "station": "Tigre", "type": "D"}, {"time": 583, "station": "Retiro", "type": "A"}], "demand": [1994]}, "8": {"stops": [{"time": 671, "station": "Retiro", "type": "D"}, {"time": 695, "station": "Tigre", "type": "A"}], "demand": [2096]}, "9": {"stops": [{"time": 753, "station": "Tigre", "type": "D"}, {"time": 777, "station": "Retiro", "type": "A"}], "demand": [2142]}}, "stations": ["Retiro", "Tigre"], "cost_per_unit": {"Tigre": 1.0, "Retiro": 1.0}, "rs_info": {"capacity": 100, "max_rs": 25}}