{"services": {"0": {"stops": [{"time": 312, "station": "Retiro", "type": "D"}, {"time": 336, "station": "Tigre", "type": "A"}], "demand": [2201]}, "1": {"stops": [{"time": 397, "station": "Tigre", "type": "D"}, {"time": 421, "station": "Retiro", "type": "A"}], "demand": [1964]}, "2": {"stops": [{"time": 525, "station": "Retiro", "type": "D"}, {"time": 549, "station": "Tigre", "type": "A"}], "demand": [1467]}, "3": {"stops": [{"time": 678, "station": "Tigre", "type": "D"}, {"time": 702, "station": "Retiro", "type": "A"}], "demand": [2313]}, "4": {"stops": [{"time": 776, "station": "Retiro", "type": "D"}, {"time": 800, "station": "Tigre", "type": "A"}], "demand": [1620]}, "5": {"stops": [{"time": 270, "station": "Tigre", "type": "D"}, {"time": 294, "station": "Retiro", "type": "A"}], "demand": [1982]}, "6": {"stops": [{"time": 401, "station": "Retiro", "type": "D"}, {"time": 425, "station": "Tigre", "type": "A"}], "demand": [1970]}, "7": {"stops": [{"time": 569, "station": "Tigre", "type": "D"}, {"time": 593, "station": "Retiro", "type": "A"}], "demand": [2011]}, "8": {"stops": [{"time": 686, "station": "Retiro", "type": "D"}, {"time": 710, "station": "Tigre", "type": "A"}], "demand": [1795]}, "9": {"stops": [{"time": 807, "station": "Tigre", "type": "D"}, {"time": 831, "station": "Retiro", "type": "A"}], "demand": [2408]}}, "stations": ["Retiro", "Tigre"], "cost_per_unit": {"Tigre": 1.0, "Retiro": 1.0}, "rs_info": {"capacity": 100, "max_rs": 25}}