{"services": {"0": {"stops": [{"time": 308, "station": "Retiro", "type": "D"}, {"time": 332, "station": "Tigre", "type": "A"}], "demand": [178]}, "1": {"stops": [{"time": 402, "station": "Tigre", "type": "D"}, {"time": 426, "station": "Retiro", "type": "A"}], "demand": [606]}, "2": {"stops": [{"time": 511, "station": "Retiro", "type": "D"}, {"time": 535, "station": "Tigre", "type": "A"}], "demand": [290]}, "3": {"stops": [{"time": 638, "station": "Tigre", "type": "D"}, {"time": 662, "station": "Retiro", "type": "A"}], "demand": [200]}, "4": {"stops": [{"time": 757, "station": "Retiro", "type": "D"}, {"time": 781, "station": "Tigre", "type": "A"}], "demand": [418]}, "5": {"stops": [{"time": 299, "station": "Tigre", "type": "D"}, {"time": 323, "station": "Retiro", "type": "A"}], "demand": [365]}, "6": {"stops": [{"time": 417, "station": "Retiro", "type": "D"}, {"time": 441, "station": "Tigre", "type": "A"}], "demand": [609]}, "7": {"stops": [{"time": 527, "station": "Tigre", "type": "D"}, {"time": 551, "station": "Retiro", "type": "A"}], "demand": [638]}, "8": {"stops": [{"time": 683, "station": "Retiro", "type": "D"}, {"time": 707, "station": "Tigre", "type": "A"}], "demand": [554]}, "9": {"stops": [{"time": 788, "station": "Tigre", "type": "D"}, {"time": 812, "station": "Retiro", "type": "A"}], "demand": [460]}}, "stations": ["Retiro", "Tigre"], "cost_per_unit": {"Tigre": 1.0, "Retiro": 1.0}, "rs_info": {"capacity": 100, "max_rs": 25}}