{"services": {"0": {"stops": [{"time": 310, "station": "Retiro", "type": "D"}, {"time": 334, "station": "Tigre", "type": "A"}], "demand": [169]}, "1": {"stops": [{"time": 421, "station": "Tigre", "type": "D"}, {"time": 445, "station": "Retiro", "type": "A"}], "demand": [435]}, "2": {"stops": [{"time": 514, "station": "Retiro", "type": "D"}, {"time": 538, "station": "Tigre", "type": "A"}], "demand": [284]}, "3": {"stops": [{"time": 642, "station": "Tigre", "type": "D"}, {"time": 666, "station": "Retiro", "type": "A"}], "demand": [645]}, "4": {"stops": [{"time": 758, "station": "Retiro", "type": "D"}, {"time": 782, "station": "Tigre", "type": "A"}], "demand": [567]}, "5": {"stops": [{"time": 309, "station": "Tigre", "type": "D"}, {"time": 333, "station": "Retiro", "type": "A"}], "demand": [161]}, "6": {"stops": [{"time": 449, "station": "Retiro", "type": "D"}, {"time": 473, "station": "Tigre", "type": "A"}], "demand": [838]}, "7": {"stops": [{"time": 564, "station": "Tigre", "type": "D"}, {"time": 588, "station": "Retiro", "type": "A"}], "demand": [365]}, "8": {"stops": [{"time": 665, "station": "Retiro", "type": "D"}, {"time": 689, "station": "Tigre", "type": "A"}], "demand": [330]}, "9": {"stops": [{"time": 761, "station": "Tigre", "type": "D"}, {"time": 785, "station": "Retiro", "type": "A"}], "demand": [712]}}, "stations": ["Retiro", "Tigre"], "cost_per_unit": {"Tigre": 1.0, "Retiro": 1.0}, "rs_info": {"capacity": 100, "max_rs": 25}}