{"services": {"0": {"stops": [{"time": 290, "station": "Retiro", "type": "D"}, {"time": 314, "station": "Tigre", "type": "A"}], "demand": [292]}, "1": {"stops": [{"time": 418, "station": "Tigre", "type": "D"}, {"time": 442, "station": "Retiro", "type": "A"}], "demand": [302]}, "2": {"stops": [{"time": 563, "station": "Retiro", "type": "D"}, {"time": 587, "station": "Tigre", "type": "A"}], "demand": [215]}, "3": {"stops": [{"time": 639, "station": "Tigre", "type": "D"}, {"time": 663, "station": "Retiro", "type": "A"}], "demand": [18]}, "4": {"stops": [{"time": 797, "station": "Retiro", "type": "D"}, {"time": 821, "station": "Tigre", "type": "A"}], "demand": [378]}, "5": {"stops": [{"time": 322, "station": "Tigre", "type": "D"}, {"time": 346, "station": "Retiro", "type": "A"}], "demand": [550]}, "6": {"stops": [{"time": 427, "station": "Retiro", "type": "D"}, {"time": 451, "station": "Tigre", "type": "A"}], "demand": [592]}, "7": {"stops": [{"time": 555, "station": "Tigre", "type": "D"}, {"time": 579, "station": "Retiro", "type": "A"}], "demand": [433]}, "8": {"stops": [{"time": 651, "station": "Retiro", "type": "D"}, {"time": 675, "station": "Tigre", "type": "A"}], "demand": [694]}, "9": {"stops": [{"time": 774, "station": "Tigre", "type": "D"}, {"time": 798, "station": "Retiro", "type": "A"}], "demand": [642]}}, "stations": ["Retiro", "Tigre"], "cost_per_unit": {"Tigre": 1.0, "Retiro": 1.0}, "rs_info": {"capacity": 100, "max_rs": 25}}