{"services": {"0": {"stops": [{"time": 312, "station": "Retiro", "type": "D"}, {"time": 336, "station": "Tigre", "type": "A"}], "demand": [1066]}, "1": {"stops": [{"time": 396, "station": "Tigre", "type": "D"}, {"time": 420, "station": "Retiro", "type": "A"}], "demand": [1104]}, "2": {"stops": [{"time": 510, "station": "Retiro", "type": "D"}, {"time": 534, "station": "Tigre", "type": "A"}], "demand": [913]}, "3": {"stops": [{"time": 668, "station": "Tigre", "type": "D"}, {"time": 692, "station": "Retiro", "type": "A"}], "demand": [922]}, "4": {"stops": [{"time": 761, "station": "Retiro", "type": "D"}, {"time": 785, "station": "Tigre", "type": "A"}], "demand": [1057]}, "5": {"stops": [{"time": 314, "station": "Tigre", "type": "D"}, {"time": 338, "station": "Retiro", "type": "A"}], "demand": [907]}, "6": {"stops": [{"time": 439, "station": "Retiro", "type": "D"}, {"time": 463, "station": "Tigre", "type": "A"}], "demand": [921]}, "7": {"stops": [{"time": 523, "station": "Tigre", "type": "D"}, {"time": 547, "station": "Retiro", "type": "A"}], "demand": [1167]}, "8": {"stops": [{"time": 651, "station": "Retiro", "type": "D"}, {"time": 675, "station": "Tigre", "type": "A"}], "demand": [922]}, "9": {"stops": [{"time": 771, "station": "Tigre", "type": "D"}, {"time": 795, "station": "Retiro", "type": "A"}], "demand": [1067]}}, "stations": ["Retiro", "Tigre"], "cost_per_unit": {"Tigre": 1.0, "Retiro": 1.0}, "rs_info": {"capacity": 100, "max_rs": 25}}