{"services": {"0": {"stops": [{"time": 293, "station": "Retiro", "type": "D"}, {"time": 317, "station": "Tigre", "type": "A"}], "demand": [971]}, "1": {"stops": [{"time": 428, "station": "Tigre", "type": "D"}, {"time": 452, "station": "Retiro", "type": "A"}], "demand": [1198]}, "2": {"stops": [{"time": 541, "station": "Retiro", "type": "D"}, {"time": 565, "station": "Tigre", "type": "A"}], "demand": [1015]}, "3": {"stops": [{"time": 686, "station": "Tigre", "type": "D"}, {"time": 710, "station": "Retiro", "type": "A"}], "demand": [1088]}, "4": {"stops": [{"time": 799, "station": "Retiro", "type": "D"}, {"time": 823, "station": "Tigre", "type": "A"}], "demand": [957]}, "5": {"stops": [{"time": 288, "station": "Tigre", "type": "D"}, {"time": 312, "station": "Retiro", "type": "A"}], "demand": [1039]}, "6": {"stops": [{"time": 393, "station": "Retiro", "type": "D"}, {"time": 417, "station": "Tigre", "type": "A"}], "demand": [1148]}, "7": {"stops": [{"time": 538, "station": "Tigre", "type": "D"}, {"time": 562, "station": "Retiro", "type": "A"}], "demand": [952]}, "8": {"stops": [{"time": 646, "station": "Retiro", "type": "D"}, {"time": 670, "station": "Tigre", "type": "A"}], "demand": [1184]}, "9": {"stops": [{"time": 774, "station": "Tigre", "type": "D"}, {"time": 798, "station": "Retiro", "type": "A"}], "demand": [1210]}}, "stations": ["Retiro", "Tigre"], "cost_per_unit": {"Tigre": 1.0, "Retiro": 1.0}, "rs_info": {"capacity": 100, "max_rs": 25}}