{"services": {"0": {"stops": [{"time": 301, "station": "Retiro", "type": "D"}, {"time": 325, "station": "Tigre", "type": "A"}], "demand": [1064]}, "1": {"stops": [{"time": 401, "station": "Tigre", "type": "D"}, {"time": 425, "station": "Retiro", "type": "A"}], "demand": [585]}, "2": {"stops": [{"time": 554, "station": "Retiro", "type": "D"}, {"time": 578, "station": "Tigre", "type": "A"}], "demand": [1070]}, "3": {"stops": [{"time": 685, "station": "Tigre", "type": "D"}, {"time": 709, "station": "Retiro", "type": "A"}], "demand": [1226]}, "4": {"stops": [{"time": 768, "station": "Retiro", "type": "D"}, {"time": 792, "station": "Tigre", "type": "A"}], "demand": [1364]}, "5": {"stops": [{"time": 288, "station": "Tigre", "type": "D"}, {"time": 312, "station": "Retiro", "type": "A"}], "demand": [1155]}, "6": {"stops": [{"time": 448, "station": "Retiro", "type": "D"}, {"time": 472, "station": "Tigre", "type": "A"}], "demand": [883]}, "7": {"stops": [{"time": 560, "station": "Tigre", "type": "D"}, {"time": 584, "station": "Retiro", "type": "A"}], "demand": [1052]}, "8": {"stops": [{"time": 652, "station": "Retiro", "type": "D"}, {"time": 676, "station": "Tigre", "type": "A"}], "demand": [863]}, "9": {"stops": [{"time": 770, "station": "Tigre", "type": "D"}, {"time": 794, "station": "Retiro", "type": "A"}], "demand": [1218]}}, "stations": ["Retiro", "Tigre"], "cost_per_unit": {"Tigre": 1.0, "Retiro": 1.0}, "rs_info": {"capacity": 100, "max_rs": 25}}