{"services": {"0": {"stops": [{"time": 329, "station": "Retiro", "type": "D"}, {"time": 353, "station": "Tigre", "type": "A"}], "demand": [1062]}, "1": {"stops": [{"time": 435, "station": "Tigre", "type": "D"}, {"time": 459, "station": "Retiro", "type": "A"}], "demand": [742]}, "2": {"stops": [{"time": 523, "station": "Retiro", "type": "D"}, {"time": 547, "station": "Tigre", "type": "A"}], "demand": [1185]}, "3": {"stops": [{"time": 659, "station": "Tigre", "type": "D"}, {"time": 683, "station": "Retiro", "type": "A"}], "demand": [785]}, "4": {"stops": [{"time": 752, "station": "Retiro", "type": "D"}, {"time": 776, "station": "Tigre", "type": "A"}], "demand": [1101]}, "5": {"stops": [{"time": 294, "station": "Tigre", "type": "D"}, {"time": 318, "station": "Retiro", "type": "A"}], "demand": [947]}, "6": {"stops": [{"time": 412, "station": "Retiro", "type": "D"}, {"time": 436, "station": "Tigre", "type": "A"}], "demand": [1187]}, "7": {"stops": [{"time": 537, "station": "Tigre", "type": "D"}, {"time": 561, "station": "Retiro", "type": "A"}], "demand": [1164]}, "8": {"stops": [{"time": 639, "station": "Retiro", "type": "D"}, {"time": 663, "station": "Tigre", "type": "A"}], "demand": [835]}, "9": {"stops": [{"time": 766, "station": "Tigre", "type": "D"}, {"time": 790, "station": "Retiro", "type": "A"}], "demand": [560]}}, "stations": ["Retiro", "Tigre"], "cost_per_unit": {"Tigre": 1.0, "Retiro": 1.0}, "rs_info": {"capacity": 100, "max_rs": 25}}