{"services": {"0": {"stops": [{"time": 307, "station": "Retiro", "type": "D"}, {"time": 331, "station": "Tigre", "type": "A"}], "demand": [1197]}, "1": {"stops": [{"time": 449, "station": "Tigre", "type": "D"}, {"time": 473, "station": "Retiro", "type": "A"}], "demand": [1020]}, "2": {"stops": [{"time": 565, "station": "Retiro", "type": "D"}, {"time": 589, "station": "Tigre", "type": "A"}], "demand": [890]}, "3": {"stops": [{"time": 664, "station": "Tigre", "type": "D"}, {"time": 688, "station": "Retiro", "type": "A"}], "demand": [933]}, "4": {"stops": [{"time": 751, "station": "Retiro", "type": "D"}, {"time": 775, "station": "Tigre", "type": "A"}], "demand": [1334]}, "5": {"stops": [{"time": 287, "station": "Tigre", "type": "D"}, {"time": 311, "station": "Retiro", "type": "A"}], "demand": [995]}, "6": {"stops": [{"time": 406, "station": "Retiro", "type": "D"}, {"time": 430, "station": "Tigre", "type": "A"}], "demand": [954]}, "7": {"stops": [{"time": 553, "station": "Tigre", "type": "D"}, {"time": 577, "station": "Retiro", "type": "A"}], "demand": [730]}, "8": {"stops": [{"time": 638, "station": "Retiro", "type": "D"}, {"time": 662, "station": "Tigre", "type": "A"}], "demand": [956]}, "9": {"stops": [{"time": 786, "station": "Tigre", "type": "D"}, {"time": 810, "station": "Retiro", "type": "A"}], "demand": [1220]}}, "stations": ["Retiro", "Tigre"], "cost_per_unit": {"Tigre": 1.0, "Retiro": 1.0}, "rs_info": {"capacity": 100, "max_rs": 25}}