{"services": {"0": {"stops": [{"time": 308, "station": "Retiro", "type": "D"}, {"time": 332, "station": "Tigre", "type": "A"}], "demand": [909]}, "1": {"stops": [{"time": 408, "station": "Tigre", "type": "D"}, {"time": 432, "station": "Retiro", "type": "A"}], "demand": [696]}, "2": {"stops": [{"time": 276, "station": "Retiro", "type": "D"}, {"time": 300, "station": "Tigre", "type": "A"}], "demand": [635]}, "3": {"stops": [{"time": 397, "station": "Tigre", "type": "D"}, {"time": 421, "station": "Retiro", "type": "A"}], "demand": [582]}}, "stations": ["Retiro", "Tigre"], "cost_per_unit": {"Tigre": 1.0, "Retiro": 1.0}, "rs_info": {"capacity": 100, "max_rs": 20}}