{"services": {"0": {"stops": [{"time": 293, "station": "Retiro", "type": "D"}, {"time": 317, "station": "Tigre", "type": "A"}], "demand": [691]}, "1": {"stops": [{"time": 430, "station": "Tigre", "type": "D"}, {"time": 454, "station": "Retiro", "type": "A"}], "demand": [633]}, "2": {"stops": [{"time": 300, "station": "Retiro", "type": "D"}, {"time": 324, "station": "Tigre", "type": "A"}], "demand": [600]}, "3": {"stops": [{"time": 397, "station": "Tigre", "type": "D"}, {"time": 421, "station": "Retiro", "type": "A"}], "demand": [97]}}, "stations": ["Retiro", "Tigre"], "cost_per_unit": {"Tigre": 1.0, "Retiro": 1.0}, "rs_info": {"capacity": 100, "max_rs": 20}}