{"services": {"0": {"stops": [{"time": 295, "station": "Retiro", "type": "D"}, {"time": 319, "station": "Tigre", "type": "A"}], "demand": [591]}, "1": {"stops": [{"time": 395, "station": "Tigre", "type": "D"}, {"time": 419, "station": "Retiro", "type": "A"}], "demand": [563]}, "2": {"stops": [{"time": 295, "station": "Retiro", "type": "D"}, {"time": 319, "station": "Tigre", "type": "A"}], "demand": [164]}, "3": {"stops": [{"time": 443, "station": "Tigre", "type": "D"}, {"time": 467, "station": "Retiro", "type": "A"}], "demand": [545]}}, "stations": ["Retiro", "Tigre"], "cost_per_unit": {"Tigre": 1.0, "Retiro": 1.0}, "rs_info": {"capacity": 100, "max_rs": 20}}