{"services": {"0": {"stops": [{"time": 305, "station": "Retiro", "type": "D"}, {"time": 329, "station": "Tigre", "type": "A"}], "demand": [2326]}, "1": {"stops": [{"time": 438, "station": "Tigre", "type": "D"}, {"time": 462, "station": "Retiro", "type": "A"}], "demand": [1814]}, "2": {"stops": [{"time": 518, "station": "Retiro", "type": "D"}, {"time": 542, "station": "Tigre", "type": "A"}], "demand": [2208]}, "3": {"stops": [{"time": 657, "station": "Tigre", "type": "D"}, {"time": 681, "station": "Retiro", "type": "A"}], "demand": [2029]}, "4": {"stops": [{"time": 790, "station": "Retiro", "type": "D"}, {"time": 814, "station": "Tigre", "type": "A"}], "demand": [1662]}, "5": {"stops": [{"time": 286, "station": "Tigre", "type": "D"}, {"time": 310, "station": "Retiro", "type": "A"}], "demand": [1978]}, "6": {"stops": [{"time": 445, "station": "Retiro", "type": "D"}, {"time": 469, "station": "Tigre", "type": "A"}], "demand": [1880]}, "7": {"stops": [{"time": 533, "station": "Tigre", "type": "D"}, {"time": 557, "station": "Retiro", "type": "A"}], "demand": [1913]}, "8": {"stops": [{"time": 671, "station": "Retiro", "type": "D"}, {"time": 695, "station": "Tigre", "type": "A"}], "demand": [2056]}, "9": {"stops": [{"time": 790, "station": "Tigre", "type": "D"}, {"time": 814, "station": "Retiro", "type": "A"}], "demand": [2002]}}, "stations": ["Retiro", "Tigre"], "cost_per_unit": {"Tigre": 1.0, "Retiro": 1.0}, "rs_info": {"capacity": 100, "max_rs": 25}}