{"services": {"0": {"stops": [{"time": 319, "station": "Retiro", "type": "D"}, {"time": 343, "station": "Tigre", "type": "A"}], "demand": [487]}, "1": {"stops": [{"time": 398, "station": "Tigre", "type": "D"}, {"time": 422, "station": "Retiro", "type": "A"}], "demand": [469]}, "2": {"stops": [{"time": 558, "station": "Retiro", "type": "D"}, {"time": 582, "station": "Tigre", "type": "A"}], "demand": [535]}, "3": {"stops": [{"time": 655, "station": "Tigre", "type": "D"}, {"time": 679, "station": "Retiro", "type": "A"}], "demand": [371]}, "4": {"stops": [{"time": 770, "station": "Retiro", "type": "D"}, {"time": 794, "station": "Tigre", "type": "A"}], "demand": [664]}, "5": {"stops": [{"time": 273, "station": "Tigre", "type": "D"}, {"time": 297, "station": "Retiro", "type": "A"}], "demand": [752]}, "6": {"stops": [{"time": 423, "station": "Retiro", "type": "D"}, {"time": 447, "station": "Tigre", "type": "A"}], "demand": [962]}, "7": {"stops": [{"time": 516, "station": "Tigre", "type": "D"}, {"time": 540, "station": "Retiro", "type": "A"}], "demand": [549]}, "8": {"stops": [{"time": 653, "station": "Retiro", "type": "D"}, {"time": 677, "station": "Tigre", "type": "A"}], "demand": [533]}, "9": {"stops": [{"time": 792, "station": "Tigre", "type": "D"}, {"time": 816, "station": "Retiro", "type": "A"}], "demand": [597]}}, "stations": ["Retiro", "Tigre"], "cost_per_unit": {"Tigre": 1.0, "Retiro": 1.0}, "rs_info": {"capacity": 100, "max_rs": 25}}