service id,hora,origen,tipo,hora,destino,tipo,demanda (pax)
0,285,Retiro,D,309,Tigre,A,852
1,442,Tigre,D,466,Retiro,A,780
2,538,Retiro,D,562,Tigre,A,847
3,670,Tigre,D,694,Retiro,A,831
4,801,Retiro,D,825,Tigre,A,1402
5,916,Tigre,D,940,Retiro,A,1163
6,1018,Retiro,D,1042,Tigre,A,1012
7,1128,Tigre,D,1152,Retiro,A,967
8,1232,Retiro,D,1256,Tigre,A,668
9,1393,Tigre,D,1417,Retiro,A,735
10,1494,Retiro,D,1518,Tigre,A,775
11,1596,Tigre,D,1620,Retiro,A,1025
12,1755,Retiro,D,1779,Tigre,A,727
13,1833,Tigre,D,1857,Retiro,A,1098
14,2003,Retiro,D,2027,Tigre,A,1283
15,2083,Tigre,D,2107,Retiro,A,1211
16,2207,Retiro,D,2231,Tigre,A,1278
17,2366,Tigre,D,2390,Retiro,A,1047
18,2479,Retiro,D,2503,Tigre,A,826
19,2559,Tigre,D,2583,Retiro,A,1065
20,2698,Retiro,D,2722,Tigre,A,684
21,2836,Tigre,D,2860,Retiro,A,1160
22,2917,Retiro,D,2941,Tigre,A,649
23,3070,Tigre,D,3094,Retiro,A,1073
24,3161,Retiro,D,3185,Tigre,A,819
25,3317,Tigre,D,3341,Retiro,A,933
26,3439,Retiro,D,3463,Tigre,A,1113
27,3536,Tigre,D,3560,Retiro,A,914
28,3686,Retiro,D,3710,Tigre,A,1235
29,3788,Tigre,D,3812,Retiro,A,1297
30,3884,Retiro,D,3908,Tigre,A,1233
31,4018,Tigre,D,4042,Retiro,A,1128
32,4128,Retiro,D,4152,Tigre,A,1066
33,4235,Tigre,D,4259,Retiro,A,1155
34,4407,Retiro,D,4431,Tigre,A,1231
35,4480,Tigre,D,4504,Retiro,A,999
36,4599,Retiro,D,4623,Tigre,A,954
37,4756,Tigre,D,4780,Retiro,A,1064
38,4880,Retiro,D,4904,Tigre,A,765
39,4970,Tigre,D,4994,Retiro,A,993
40,5127,Retiro,D,5151,Tigre,A,1212
41,5244,Tigre,D,5268,Retiro,A,698
42,5359,Retiro,D,5383,Tigre,A,583
43,5447,Tigre,D,5471,Retiro,A,1269
44,5550,Retiro,D,5574,Tigre,A,858
45,5683,Tigre,D,5707,Retiro,A,1133
46,5844,Retiro,D,5868,Tigre,A,967
47,5947,Tigre,D,5971,Retiro,A,879
48,6068,Retiro,D,6092,Tigre,A,1252
49,6178,Tigre,D,6202,Retiro,A,1167
50,6290,Retiro,D,6314,Tigre,A,751
51,6415,Tigre,D,6439,Retiro,A,1093
52,6536,Retiro,D,6560,Tigre,A,737
53,6634,Tigre,D,6658,Retiro,A,1090
54,6773,Retiro,D,6797,Tigre,A,1025
55,6909,Tigre,D,6933,Retiro,A,1280
56,7012,Retiro,D,7036,Tigre,A,723
57,7145,Tigre,D,7169,Retiro,A,1065
58,7260,Retiro,D,7284,Tigre,A,1324
59,7376,Tigre,D,7400,Retiro,A,1047
60,7481,Retiro,D,7505,Tigre,A,1076
61,7636,Tigre,D,7660,Retiro,A,828
62,7744,Retiro,D,7768,Tigre,A,1239
63,7883,Tigre,D,7907,Retiro,A,1241
64,8001,Retiro,D,8025,Tigre,A,1111
65,8129,Tigre,D,8153,Retiro,A,1407
66,8207,Retiro,D,8231,Tigre,A,1242
67,8336,Tigre,D,8360,Retiro,A,839
68,8442,Retiro,D,8466,Tigre,A,1174
69,8590,Tigre,D,8614,Retiro,A,1136
70,8676,Retiro,D,8700,Tigre,A,697
71,8795,Tigre,D,8819,Retiro,A,878
72,8929,Retiro,D,8953,Tigre,A,1132
73,9063,Tigre,D,9087,Retiro,A,927
74,9199,Retiro,D,9223,Tigre,A,943
75,9304,Tigre,D,9328,Retiro,A,1083
76,9390,Retiro,D,9414,Tigre,A,1405
77,9532,Tigre,D,9556,Retiro,A,1196
78,9668,Retiro,D,9692,Tigre,A,1109
79,9771,Tigre,D,9795,Retiro,A,1200
80,9903,Retiro,D,9927,Tigre,A,1156
81,10014,Tigre,D,10038,Retiro,A,1094
82,10167,Retiro,D,10191,Tigre,A,835
83,10274,Tigre,D,10298,Retiro,A,1067
84,10390,Retiro,D,10414,Tigre,A,981
85,10477,Tigre,D,10501,Retiro,A,805
86,10597,Retiro,D,10621,Tigre,A,747
87,10762,Tigre,D,10786,Retiro,A,1294
88,10841,Retiro,D,10865,Tigre,A,906
89,10969,Tigre,D,10993,Retiro,A,950
90,11083,Retiro,D,11107,Tigre,A,1025
91,11226,Tigre,D,11250,Retiro,A,896
92,11311,Retiro,D,11335,Tigre,A,904
93,11437,Tigre,D,11461,Retiro,A,1202
94,11587,Retiro,D,11611,Tigre,A,1359
95,11695,Tigre,D,11719,Retiro,A,1100
96,11837,Retiro,D,11861,Tigre,A,1405
97,11961,Tigre,D,11985,Retiro,A,778
98,12052,Retiro,D,12076,Tigre,A,1088
99,12195,Tigre,D,12219,Retiro,A,955
100,12297,Retiro,D,12321,Tigre,A,607
101,12442,Tigre,D,12466,Retiro,A,824
102,12534,Retiro,D,12558,Tigre,A,1086
103,12636,Tigre,D,12660,Retiro,A,909
104,12777,Retiro,D,12801,Tigre,A,1069
105,12910,Tigre,D,12934,Retiro,A,1066
106,13011,Retiro,D,13035,Tigre,A,998
107,13143,Tigre,D,13167,Retiro,A,1203
108,13279,Retiro,D,13303,Tigre,A,1077
109,13387,Tigre,D,13411,Retiro,A,1205
110,13500,Retiro,D,13524,Tigre,A,1185
111,13613,Tigre,D,13637,Retiro,A,788
112,13737,Retiro,D,13761,Tigre,A,1211
113,13869,Tigre,D,13893,Retiro,A,982
114,13981,Retiro,D,14005,Tigre,A,889
115,14124,Tigre,D,14148,Retiro,A,932
116,14208,Retiro,D,14232,Tigre,A,790
117,14351,Tigre,D,14375,Retiro,A,1005
118,14486,Retiro,D,14510,Tigre,A,379
119,14561,Tigre,D,14585,Retiro,A,1275
120,14727,Retiro,D,14751,Tigre,A,732
121,14821,Tigre,D,14845,Retiro,A,1183
122,14914,Retiro,D,14938,Tigre,A,784
123,15046,Tigre,D,15070,Retiro,A,1101
124,15193,Retiro,D,15217,Tigre,A,850
125,15314,Tigre,D,15338,Retiro,A,1193
126,15443,Retiro,D,15467,Tigre,A,1371
127,15525,Tigre,D,15549,Retiro,A,1007
128,15677,Retiro,D,15701,Tigre,A,904
129,15780,Tigre,D,15804,Retiro,A,1337
130,15897,Retiro,D,15921,Tigre,A,1063
131,16012,Tigre,D,16036,Retiro,A,1004
132,16142,Retiro,D,16166,Tigre,A,667
133,16230,Tigre,D,16254,Retiro,A,1076
134,16380,Retiro,D,16404,Tigre,A,1253
135,16525,Tigre,D,16549,Retiro,A,652
136,16617,Retiro,D,16641,Tigre,A,1087
137,16712,Tigre,D,16736,Retiro,A,1238
138,16873,Retiro,D,16897,Tigre,A,1102
139,16979,Tigre,D,17003,Retiro,A,1165
140,17118,Retiro,D,17142,Tigre,A,753
141,17207,Tigre,D,17231,Retiro,A,744
142,17326,Retiro,D,17350,Tigre,A,1040
143,17444,Tigre,D,17468,Retiro,A,1222
144,17559,Retiro,D,17583,Tigre,A,1000
145,17707,Tigre,D,17731,Retiro,A,1225
146,17820,Retiro,D,17844,Tigre,A,1035
147,17963,Tigre,D,17987,Retiro,A,1112
148,18038,Retiro,D,18062,Tigre,A,1069
149,18183,Tigre,D,18207,Retiro,A,1378
150,18275,Retiro,D,18299,Tigre,A,1329
151,18402,Tigre,D,18426,Retiro,A,839
152,18536,Retiro,D,18560,Tigre,A,1370
153,18673,Tigre,D,18697,Retiro,A,402
154,18778,Retiro,D,18802,Tigre,A,767
155,18918,Tigre,D,18942,Retiro,A,1161
156,19017,Retiro,D,19041,Tigre,A,1013
157,19164,Tigre,D,19188,Retiro,A,754
158,19246,Retiro,D,19270,Tigre,A,904
159,19353,Tigre,D,19377,Retiro,A,818
160,19477,Retiro,D,19501,Tigre,A,634
161,19623,Tigre,D,19647,Retiro,A,791
162,19757,Retiro,D,19781,Tigre,A,935
163,19833,Tigre,D,19857,Retiro,A,1046
164,19957,Retiro,D,19981,Tigre,A,819
165,20092,Tigre,D,20116,Retiro,A,1192
166,20231,Retiro,D,20255,Tigre,A,754
167,20325,Tigre,D,20349,Retiro,A,754
168,20453,Retiro,D,20477,Tigre,A,990
169,20597,Tigre,D,20621,Retiro,A,1082
170,20729,Retiro,D,20753,Tigre,A,1569
171,20844,Tigre,D,20868,Retiro,A,1483
172,20957,Retiro,D,20981,Tigre,A,1054
173,21058,Tigre,D,21082,Retiro,A,865
174,21162,Retiro,D,21186,Tigre,A,882
175,21289,Tigre,D,21313,Retiro,A,1197
176,21413,Retiro,D,21437,Tigre,A,1317
177,21512,Tigre,D,21536,Retiro,A,773
178,21670,Retiro,D,21694,Tigre,A,976
179,21781,Tigre,D,21805,Retiro,A,1197
180,21907,Retiro,D,21931,Tigre,A,1111
181,22005,Tigre,D,22029,Retiro,A,1114
182,22120,Retiro,D,22144,Tigre,A,553
183,22280,Tigre,D,22304,Retiro,A,714
184,22403,Retiro,D,22427,Tigre,A,1072
185,22525,Tigre,D,22549,Retiro,A,1196
186,22627,Retiro,D,22651,Tigre,A,1294
187,22718,Tigre,D,22742,Retiro,A,1319
188,22889,Retiro,D,22913,Tigre,A,1015
189,22967,Tigre,D,22991,Retiro,A,796
190,23117,Retiro,D,23141,Tigre,A,937
191,23212,Tigre,D,23236,Retiro,A,1132
192,23357,Retiro,D,23381,Tigre,A,985
193,23477,Tigre,D,23501,Retiro,A,943
194,23603,Retiro,D,23627,Tigre,A,1073
195,23723,Tigre,D,23747,Retiro,A,778
196,23804,Retiro,D,23828,Tigre,A,835
197,23959,Tigre,D,23983,Retiro,A,1109
198,24052,Retiro,D,24076,Tigre,A,976
199,24168,Tigre,D,24192,Retiro,A,884
200,24318,Retiro,D,24342,Tigre,A,1065
201,24429,Tigre,D,24453,Retiro,A,771
202,24522,Retiro,D,24546,Tigre,A,934
203,24630,Tigre,D,24654,Retiro,A,1227
204,24783,Retiro,D,24807,Tigre,A,1028
205,24912,Tigre,D,24936,Retiro,A,949
206,25034,Retiro,D,25058,Tigre,A,1074
207,25131,Tigre,D,25155,Retiro,A,887
208,25244,Retiro,D,25268,Tigre,A,1158
209,25367,Tigre,D,25391,Retiro,A,757
210,25485,Retiro,D,25509,Tigre,A,656
211,25638,Tigre,D,25662,Retiro,A,1224
212,25746,Retiro,D,25770,Tigre,A,1179
213,25856,Tigre,D,25880,Retiro,A,1369
214,26002,Retiro,D,26026,Tigre,A,1175
215,26099,Tigre,D,26123,Retiro,A,1081
216,26229,Retiro,D,26253,Tigre,A,944
217,26367,Tigre,D,26391,Retiro,A,1091
218,26456,Retiro,D,26480,Tigre,A,838
219,26601,Tigre,D,26625,Retiro,A,675
220,26698,Retiro,D,26722,Tigre,A,904
221,26844,Tigre,D,26868,Retiro,A,896
222,26934,Retiro,D,26958,Tigre,A,878
223,27052,Tigre,D,27076,Retiro,A,826
224,27209,Retiro,D,27233,Tigre,A,987
225,27280,Tigre,D,27304,Retiro,A,776
226,27411,Retiro,D,27435,Tigre,A,1113
227,27561,Tigre,D,27585,Retiro,A,1073
228,27661,Retiro,D,27685,Tigre,A,960
229,27773,Tigre,D,27797,Retiro,A,979
230,27888,Retiro,D,27912,Tigre,A,1105
231,27994,Tigre,D,28018,Retiro,A,1315
232,28161,Retiro,D,28185,Tigre,A,951
233,28248,Tigre,D,28272,Retiro,A,886
234,28387,Retiro,D,28411,Tigre,A,1067
235,28524,Tigre,D,28548,Retiro,A,1400
236,28629,Retiro,D,28653,Tigre,A,1000
237,28715,Tigre,D,28739,Retiro,A,1155
238,28831,Retiro,D,28855,Tigre,A,932
239,29001,Tigre,D,29025,Retiro,A,768
240,29124,Retiro,D,29148,Tigre,A,873
241,29244,Tigre,D,29268,Retiro,A,810
242,29325,Retiro,D,29349,Tigre,A,1093
243,29452,Tigre,D,29476,Retiro,A,862
244,29602,Retiro,D,29626,Tigre,A,1149
245,29702,Tigre,D,29726,Retiro,A,1286
246,29832,Retiro,D,29856,Tigre,A,1069
247,29949,Tigre,D,29973,Retiro,A,805
248,30037,Retiro,D,30061,Tigre,A,1233
249,30188,Tigre,D,30212,Retiro,A,864
250,30287,Retiro,D,30311,Tigre,A,719
251,30449,Tigre,D,30473,Retiro,A,932
252,30525,Retiro,D,30549,Tigre,A,985
253,30649,Tigre,D,30673,Retiro,A,900
254,30792,Retiro,D,30816,Tigre,A,1058
255,30870,Tigre,D,30894,Retiro,A,1379
256,31005,Retiro,D,31029,Tigre,A,817
257,31124,Tigre,D,31148,Retiro,A,500
258,31257,Retiro,D,31281,Tigre,A,1112
259,31388,Tigre,D,31412,Retiro,A,966
260,31485,Retiro,D,31509,Tigre,A,1190
261,31617,Tigre,D,31641,Retiro,A,769
262,31767,Retiro,D,31791,Tigre,A,883
263,31855,Tigre,D,31879,Retiro,A,1204
264,31954,Retiro,D,31978,Tigre,A,953
265,32083,Tigre,D,32107,Retiro,A,1273
266,32233,Retiro,D,32257,Tigre,A,1629
267,32353,Tigre,D,32377,Retiro,A,721
268,32469,Retiro,D,32493,Tigre,A,1155
269,32553,Tigre,D,32577,Retiro,A,971
270,32723,Retiro,D,32747,Tigre,A,901
271,32809,Tigre,D,32833,Retiro,A,1078
272,32952,Retiro,D,32976,Tigre,A,709
273,33089,Tigre,D,33113,Retiro,A,879
274,33174,Retiro,D,33198,Tigre,A,967
275,33273,Tigre,D,33297,Retiro,A,1289
276,33425,Retiro,D,33449,Tigre,A,854
277,33534,Tigre,D,33558,Retiro,A,953
278,33682,Retiro,D,33706,Tigre,A,662
279,33802,Tigre,D,33826,Retiro,A,597
280,33893,Retiro,D,33917,Tigre,A,744
281,34031,Tigre,D,34055,Retiro,A,1105
282,34144,Retiro,D,34168,Tigre,A,869
283,34281,Tigre,D,34305,Retiro,A,853
284,34396,Retiro,D,34420,Tigre,A,1204
285,34515,Tigre,D,34539,Retiro,A,711
286,34636,Retiro,D,34660,Tigre,A,894
287,34726,Tigre,D,34750,Retiro,A,1018
288,34844,Retiro,D,34868,Tigre,A,638
289,34965,Tigre,D,34989,Retiro,A,1024
290,35109,Retiro,D,35133,Tigre,A,844
291,35212,Tigre,D,35236,Retiro,A,1063
292,35331,Retiro,D,35355,Tigre,A,1186
293,35475,Tigre,D,35499,Retiro,A,1108
294,35592,Retiro,D,35616,Tigre,A,927
295,35693,Tigre,D,35717,Retiro,A,1055
296,35826,Retiro,D,35850,Tigre,A,895
297,35956,Tigre,D,35980,Retiro,A,1376
298,36068,Retiro,D,36092,Tigre,A,1069
299,36163,Tigre,D,36187,Retiro,A,1115
300,36328,Retiro,D,36352,Tigre,A,1266
301,36444,Tigre,D,36468,Retiro,A,779
302,36522,Retiro,D,36546,Tigre,A,1023
303,36637,Tigre,D,36661,Retiro,A,883
304,36784,Retiro,D,36808,Tigre,A,611
305,36903,Tigre,D,36927,Retiro,A,1082
306,36992,Retiro,D,37016,Tigre,A,896
307,37165,Tigre,D,37189,Retiro,A,1034
308,37253,Retiro,D,37277,Tigre,A,1146
309,37404,Tigre,D,37428,Retiro,A,927
310,37519,Retiro,D,37543,Tigre,A,1087
311,37624,Tigre,D,37648,Retiro,A,1233
312,37711,Retiro,D,37735,Tigre,A,1045
313,37875,Tigre,D,37899,Retiro,A,573
314,37996,Retiro,D,38020,Tigre,A,934
315,38072,Tigre,D,38096,Retiro,A,1009
316,38236,Retiro,D,38260,Tigre,A,1243
317,38340,Tigre,D,38364,Retiro,A,970
318,38475,Retiro,D,38499,Tigre,A,1307
319,38583,Tigre,D,38607,Retiro,A,1199
320,38688,Retiro,D,38712,Tigre,A,1094
321,38840,Tigre,D,38864,Retiro,A,632
322,38919,Retiro,D,38943,Tigre,A,1335
323,39062,Tigre,D,39086,Retiro,A,888
324,39174,Retiro,D,39198,Tigre,A,1142
325,39309,Tigre,D,39333,Retiro,A,963
326,39425,Retiro,D,39449,Tigre,A,881
327,39520,Tigre,D,39544,Retiro,A,1186
328,39648,Retiro,D,39672,Tigre,A,1400
329,39797,Tigre,D,39821,Retiro,A,756
330,39893,Retiro,D,39917,Tigre,A,1200
331,40024,Tigre,D,40048,Retiro,A,786
332,40157,Retiro,D,40181,Tigre,A,1050
333,40254,Tigre,D,40278,Retiro,A,1528
334,40396,Retiro,D,40420,Tigre,A,767
335,40479,Tigre,D,40503,Retiro,A,193
336,40611,Retiro,D,40635,Tigre,A,808
337,40730,Tigre,D,40754,Retiro,A,1521
338,40836,Retiro,D,40860,Tigre,A,1105
339,41005,Tigre,D,41029,Retiro,A,1185
340,41114,Retiro,D,41138,Tigre,A,705
341,41218,Tigre,D,41242,Retiro,A,988
342,41332,Retiro,D,41356,Tigre,A,863
343,41478,Tigre,D,41502,Retiro,A,1009
344,41558,Retiro,D,41582,Tigre,A,892
345,41709,Tigre,D,41733,Retiro,A,717
346,41817,Retiro,D,41841,Tigre,A,932
347,41927,Tigre,D,41951,Retiro,A,614
348,42039,Retiro,D,42063,Tigre,A,1251
349,42158,Tigre,D,42182,Retiro,A,708
350,42271,Retiro,D,42295,Tigre,A,811
351,42390,Tigre,D,42414,Retiro,A,922
352,42558,Retiro,D,42582,Tigre,A,711
353,42633,Tigre,D,42657,Retiro,A,799
354,42796,Retiro,D,42820,Tigre,A,1681
355,42912,Tigre,D,42936,Retiro,A,1044
356,43032,Retiro,D,43056,Tigre,A,1159
357,43112,Tigre,D,43136,Retiro,A,1224
358,43288,Retiro,D,43312,Tigre,A,859
359,43363,Tigre,D,43387,Retiro,A,1245
360,43527,Retiro,D,43551,Tigre,A,1130
361,43591,Tigre,D,43615,Retiro,A,604
362,43744,Retiro,D,43768,Tigre,A,1114
363,43873,Tigre,D,43897,Retiro,A,1069
364,43985,Retiro,D,44009,Tigre,A,902
365,44094,Tigre,D,44118,Retiro,A,1095
366,44190,Retiro,D,44214,Tigre,A,969
367,44360,Tigre,D,44384,Retiro,A,1006
368,44460,Retiro,D,44484,Tigre,A,1156
369,44599,Tigre,D,44623,Retiro,A,852
370,44727,Retiro,D,44751,Tigre,A,900
371,44818,Tigre,D,44842,Retiro,A,920
372,44914,Retiro,D,44938,Tigre,A,1000
373,45034,Tigre,D,45058,Retiro,A,930
374,45209,Retiro,D,45233,Tigre,A,1096
375,45285,Tigre,D,45309,Retiro,A,1027
376,45396,Retiro,D,45420,Tigre,A,910
377,45542,Tigre,D,45566,Retiro,A,1185
378,45669,Retiro,D,45693,Tigre,A,977
379,45799,Tigre,D,45823,Retiro,A,1327
380,45916,Retiro,D,45940,Tigre,A,1363
381,46020,Tigre,D,46044,Retiro,A,1142
382,46138,Retiro,D,46162,Tigre,A,869
383,46261,Tigre,D,46285,Retiro,A,1127
384,46407,Retiro,D,46431,Tigre,A,1248
385,46510,Tigre,D,46534,Retiro,A,817
386,46630,Retiro,D,46654,Tigre,A,733
387,46736,Tigre,D,46760,Retiro,A,972
388,46856,Retiro,D,46880,Tigre,A,916
389,46999,Tigre,D,47023,Retiro,A,1035
390,47109,Retiro,D,47133,Tigre,A,1122
391,47195,Tigre,D,47219,Retiro,A,846
392,47338,Retiro,D,47362,Tigre,A,1040
393,47460,Tigre,D,47484,Retiro,A,727
394,47588,Retiro,D,47612,Tigre,A,971
395,47724,Tigre,D,47748,Retiro,A,889
396,47803,Retiro,D,47827,Tigre,A,818
397,47940,Tigre,D,47964,Retiro,A,1226
398,48036,Retiro,D,48060,Tigre,A,821
399,48187,Tigre,D,48211,Retiro,A,1244
400,48287,Retiro,D,48311,Tigre,A,1016
401,48430,Tigre,D,48454,Retiro,A,883
402,48512,Retiro,D,48536,Tigre,A,1320
403,48648,Tigre,D,48672,Retiro,A,766
404,48800,Retiro,D,48824,Tigre,A,821
405,48917,Tigre,D,48941,Retiro,A,621
406,49021,Retiro,D,49045,Tigre,A,1225
407,49122,Tigre,D,49146,Retiro,A,772
408,49257,Retiro,D,49281,Tigre,A,634
409,49363,Tigre,D,49387,Retiro,A,1003
410,49524,Retiro,D,49548,Tigre,A,1206
411,49632,Tigre,D,49656,Retiro,A,799
412,49721,Retiro,D,49745,Tigre,A,945
413,49854,Tigre,D,49878,Retiro,A,987
414,49984,Retiro,D,50008,Tigre,A,676
415,50101,Tigre,D,50125,Retiro,A,1084
416,50241,Retiro,D,50265,Tigre,A,1166
417,50313,Tigre,D,50337,Retiro,A,1239
418,50484,Retiro,D,50508,Tigre,A,800
419,50569,Tigre,D,50593,Retiro,A,1263
420,50719,Retiro,D,50743,Tigre,A,981
421,50830,Tigre,D,50854,Retiro,A,1171
422,50924,Retiro,D,50948,Tigre,A,845
423,51065,Tigre,D,51089,Retiro,A,954
424,51205,Retiro,D,51229,Tigre,A,1404
425,51316,Tigre,D,51340,Retiro,A,831
426,51427,Retiro,D,51451,Tigre,A,881
427,51552,Tigre,D,51576,Retiro,A,1038
428,51638,Retiro,D,51662,Tigre,A,1056
429,51773,Tigre,D,51797,Retiro,A,795
430,51877,Retiro,D,51901,Tigre,A,1121
431,52020,Tigre,D,52044,Retiro,A,1099
432,52152,Retiro,D,52176,Tigre,A,1079
433,52289,Tigre,D,52313,Retiro,A,969
434,52357,Retiro,D,52381,Tigre,A,1392
435,52489,Tigre,D,52513,Retiro,A,877
436,52615,Retiro,D,52639,Tigre,A,946
437,52741,Tigre,D,52765,Retiro,A,875
438,52877,Retiro,D,52901,Tigre,A,931
439,52992,Tigre,D,53016,Retiro,A,876
440,53100,Retiro,D,53124,Tigre,A,874
441,53226,Tigre,D,53250,Retiro,A,1551
442,53317,Retiro,D,53341,Tigre,A,1121
443,53435,Tigre,D,53459,Retiro,A,1053
444,53577,Retiro,D,53601,Tigre,A,1157
445,53697,Tigre,D,53721,Retiro,A,1046
446,53848,Retiro,D,53872,Tigre,A,1138
447,53968,Tigre,D,53992,Retiro,A,663
448,54068,Retiro,D,54092,Tigre,A,1120
449,54208,Tigre,D,54232,Retiro,A,1118
450,54299,Retiro,D,54323,Tigre,A,989
451,54414,Tigre,D,54438,Retiro,A,1569
452,54530,Retiro,D,54554,Tigre,A,1084
453,54650,Tigre,D,54674,Retiro,A,963
454,54774,Retiro,D,54798,Tigre,A,929
455,54885,Tigre,D,54909,Retiro,A,1182
456,55038,Retiro,D,55062,Tigre,A,806
457,55131,Tigre,D,55155,Retiro,A,966
458,55264,Retiro,D,55288,Tigre,A,1318
459,55393,Tigre,D,55417,Retiro,A,832
460,55526,Retiro,D,55550,Tigre,A,907
461,55633,Tigre,D,55657,Retiro,A,1213
462,55764,Retiro,D,55788,Tigre,A,954
463,55848,Tigre,D,55872,Retiro,A,1539
464,56000,Retiro,D,56024,Tigre,A,1291
465,56126,Tigre,D,56150,Retiro,A,850
466,56209,Retiro,D,56233,Tigre,A,1044
467,56310,Tigre,D,56334,Retiro,A,777
468,56437,Retiro,D,56461,Tigre,A,1088
469,56558,Tigre,D,56582,Retiro,A,893
470,56690,Retiro,D,56714,Tigre,A,1102
471,56820,Tigre,D,56844,Retiro,A,880
472,56953,Retiro,D,56977,Tigre,A,1028
473,57069,Tigre,D,57093,Retiro,A,1090
474,57190,Retiro,D,57214,Tigre,A,818
475,57326,Tigre,D,57350,Retiro,A,1002
476,57419,Retiro,D,57443,Tigre,A,697
477,57541,Tigre,D,57565,Retiro,A,993
478,57646,Retiro,D,57670,Tigre,A,1169
479,57787,Tigre,D,57811,Retiro,A,737
480,57903,Retiro,D,57927,Tigre,A,917
481,58004,Tigre,D,58028,Retiro,A,824
482,58116,Retiro,D,58140,Tigre,A,875
483,58287,Tigre,D,58311,Retiro,A,1054
484,58388,Retiro,D,58412,Tigre,A,1024
485,58473,Tigre,D,58497,Retiro,A,1046
486,58607,Retiro,D,58631,Tigre,A,1287
487,58719,Tigre,D,58743,Retiro,A,1058
488,58851,Retiro,D,58875,Tigre,A,856
489,58966,Tigre,D,58990,Retiro,A,912
490,59097,Retiro,D,59121,Tigre,A,1044
491,59234,Tigre,D,59258,Retiro,A,829
492,59354,Retiro,D,59378,Tigre,A,1049
493,59476,Tigre,D,59500,Retiro,A,787
494,59594,Retiro,D,59618,Tigre,A,772
495,59698,Tigre,D,59722,Retiro,A,788
496,59848,Retiro,D,59872,Tigre,A,1231
497,59949,Tigre,D,59973,Retiro,A,578
498,60039,Retiro,D,60063,Tigre,A,874
499,60173,Tigre,D,60197,Retiro,A,1071
500,289,Retiro,D,313,Tigre,A,1109
501,447,Tigre,D,471,Retiro,A,985
502,567,Retiro,D,591,Tigre,A,1199
503,658,Tigre,D,682,Retiro,A,909
504,772,Retiro,D,796,Tigre,A,847
505,912,Tigre,D,936,Retiro,A,820
506,1025,Retiro,D,1049,Tigre,A,1008
507,1115,Tigre,D,1139,Retiro,A,929
508,1249,Retiro,D,1273,Tigre,A,787
509,1386,Tigre,D,1410,Retiro,A,878
510,1500,Retiro,D,1524,Tigre,A,1354
511,1593,Tigre,D,1617,Retiro,A,890
512,1765,Retiro,D,1789,Tigre,A,878
513,1885,Tigre,D,1909,Retiro,A,1160
514,1993,Retiro,D,2017,Tigre,A,853
515,2076,Tigre,D,2100,Retiro,A,1296
516,2228,Retiro,D,2252,Tigre,A,1158
517,2352,Tigre,D,2376,Retiro,A,575
518,2458,Retiro,D,2482,Tigre,A,965
519,2562,Tigre,D,2586,Retiro,A,1160
520,2695,Retiro,D,2719,Tigre,A,1018
521,2828,Tigre,D,2852,Retiro,A,664
522,2911,Retiro,D,2935,Tigre,A,1076
523,3080,Tigre,D,3104,Retiro,A,755
524,3171,Retiro,D,3195,Tigre,A,1237
525,3303,Tigre,D,3327,Retiro,A,1076
526,3439,Retiro,D,3463,Tigre,A,1035
527,3526,Tigre,D,3550,Retiro,A,910
528,3645,Retiro,D,3669,Tigre,A,707
529,3796,Tigre,D,3820,Retiro,A,833
530,3923,Retiro,D,3947,Tigre,A,1164
531,4037,Tigre,D,4061,Retiro,A,1166
532,4143,Retiro,D,4167,Tigre,A,985
533,4278,Tigre,D,4302,Retiro,A,742
534,4350,Retiro,D,4374,Tigre,A,612
535,4471,Tigre,D,4495,Retiro,A,1177
536,4600,Retiro,D,4624,Tigre,A,1059
537,4712,Tigre,D,4736,Retiro,A,1069
538,4854,Retiro,D,4878,Tigre,A,959
539,4981,Tigre,D,5005,Retiro,A,961
540,5084,Retiro,D,5108,Tigre,A,1165
541,5206,Tigre,D,5230,Retiro,A,1012
542,5363,Retiro,D,5387,Tigre,A,1183
543,5442,Tigre,D,5466,Retiro,A,1167
544,5561,Retiro,D,5585,Tigre,A,1019
545,5674,Tigre,D,5698,Retiro,A,633
546,5838,Retiro,D,5862,Tigre,A,1100
547,5951,Tigre,D,5975,Retiro,A,1104
548,6036,Retiro,D,6060,Tigre,A,996
549,6158,Tigre,D,6182,Retiro,A,972
550,6271,Retiro,D,6295,Tigre,A,1097
551,6416,Tigre,D,6440,Retiro,A,591
552,6550,Retiro,D,6574,Tigre,A,663
553,6653,Tigre,D,6677,Retiro,A,746
554,6778,Retiro,D,6802,Tigre,A,579
555,6902,Tigre,D,6926,Retiro,A,833
556,7041,Retiro,D,7065,Tigre,A,1251
557,7166,Tigre,D,7190,Retiro,A,832
558,7248,Retiro,D,7272,Tigre,A,1034
559,7393,Tigre,D,7417,Retiro,A,726
560,7514,Retiro,D,7538,Tigre,A,1375
561,7597,Tigre,D,7621,Retiro,A,712
562,7738,Retiro,D,7762,Tigre,A,1026
563,7863,Tigre,D,7887,Retiro,A,1004
564,7966,Retiro,D,7990,Tigre,A,1397
565,8114,Tigre,D,8138,Retiro,A,812
566,8195,Retiro,D,8219,Tigre,A,557
567,8316,Tigre,D,8340,Retiro,A,1256
568,8450,Retiro,D,8474,Tigre,A,1219
569,8568,Tigre,D,8592,Retiro,A,1232
570,8727,Retiro,D,8751,Tigre,A,1373
571,8809,Tigre,D,8833,Retiro,A,627
572,8927,Retiro,D,8951,Tigre,A,1084
573,9048,Tigre,D,9072,Retiro,A,1006
574,9193,Retiro,D,9217,Tigre,A,896
575,9312,Tigre,D,9336,Retiro,A,1592
576,9426,Retiro,D,9450,Tigre,A,684
577,9533,Tigre,D,9557,Retiro,A,1142
578,9689,Retiro,D,9713,Tigre,A,1016
579,9782,Tigre,D,9806,Retiro,A,1182
580,9876,Retiro,D,9900,Tigre,A,980
581,10025,Tigre,D,10049,Retiro,A,729
582,10131,Retiro,D,10155,Tigre,A,1007
583,10256,Tigre,D,10280,Retiro,A,1192
584,10368,Retiro,D,10392,Tigre,A,582
585,10525,Tigre,D,10549,Retiro,A,1081
586,10612,Retiro,D,10636,Tigre,A,1064
587,10763,Tigre,D,10787,Retiro,A,932
588,10857,Retiro,D,10881,Tigre,A,819
589,10965,Tigre,D,10989,Retiro,A,762
590,11116,Retiro,D,11140,Tigre,A,1267
591,11245,Tigre,D,11269,Retiro,A,1376
592,11360,Retiro,D,11384,Tigre,A,967
593,11481,Tigre,D,11505,Retiro,A,1054
594,11583,Retiro,D,11607,Tigre,A,1008
595,11680,Tigre,D,11704,Retiro,A,1141
596,11806,Retiro,D,11830,Tigre,A,940
597,11918,Tigre,D,11942,Retiro,A,987
598,12058,Retiro,D,12082,Tigre,A,1009
599,12157,Tigre,D,12181,Retiro,A,1014
600,12325,Retiro,D,12349,Tigre,A,921
601,12435,Tigre,D,12459,Retiro,A,880
602,12544,Retiro,D,12568,Tigre,A,1001
603,12660,Tigre,D,12684,Retiro,A,1053
604,12788,Retiro,D,12812,Tigre,A,1047
605,12884,Tigre,D,12908,Retiro,A,1273
606,13024,Retiro,D,13048,Tigre,A,1349
607,13149,Tigre,D,13173,Retiro,A,1252
608,13235,Retiro,D,13259,Tigre,A,1196
609,13372,Tigre,D,13396,Retiro,A,932
610,13485,Retiro,D,13509,Tigre,A,1129
611,13613,Tigre,D,13637,Retiro,A,1084
612,13740,Retiro,D,13764,Tigre,A,1138
613,13864,Tigre,D,13888,Retiro,A,843
614,13981,Retiro,D,14005,Tigre,A,988
615,14110,Tigre,D,14134,Retiro,A,720
616,14198,Retiro,D,14222,Tigre,A,652
617,14345,Tigre,D,14369,Retiro,A,1161
618,14477,Retiro,D,14501,Tigre,A,1262
619,14567,Tigre,D,14591,Retiro,A,969
620,14716,Retiro,D,14740,Tigre,A,1177
621,14844,Tigre,D,14868,Retiro,A,1255
622,14938,Retiro,D,14962,Tigre,A,1003
623,15043,Tigre,D,15067,Retiro,A,817
624,15207,Retiro,D,15231,Tigre,A,921
625,15278,Tigre,D,15302,Retiro,A,1108
626,15431,Retiro,D,15455,Tigre,A,731
627,15531,Tigre,D,15555,Retiro,A,886
628,15635,Retiro,D,15659,Tigre,A,821
629,15801,Tigre,D,15825,Retiro,A,1156
630,15889,Retiro,D,15913,Tigre,A,1418
631,16015,Tigre,D,16039,Retiro,A,1451
632,16114,Retiro,D,16138,Tigre,A,769
633,16272,Tigre,D,16296,Retiro,A,1216
634,16380,Retiro,D,16404,Tigre,A,1106
635,16473,Tigre,D,16497,Retiro,A,1367
636,16638,Retiro,D,16662,Tigre,A,1029
637,16752,Tigre,D,16776,Retiro,A,1211
638,16851,Retiro,D,16875,Tigre,A,1110
639,16975,Tigre,D,16999,Retiro,A,879
640,17078,Retiro,D,17102,Tigre,A,1080
641,17236,Tigre,D,17260,Retiro,A,898
642,17365,Retiro,D,17389,Tigre,A,1112
643,17478,Tigre,D,17502,Retiro,A,756
644,17609,Retiro,D,17633,Tigre,A,857
645,17698,Tigre,D,17722,Retiro,A,1129
646,17814,Retiro,D,17838,Tigre,A,693
647,17969,Tigre,D,17993,Retiro,A,699
648,18088,Retiro,D,18112,Tigre,A,1274
649,18154,Tigre,D,18178,Retiro,A,960
650,18303,Retiro,D,18327,Tigre,A,773
651,18393,Tigre,D,18417,Retiro,A,794
652,18530,Retiro,D,18554,Tigre,A,1231
653,18639,Tigre,D,18663,Retiro,A,892
654,18796,Retiro,D,18820,Tigre,A,753
655,18909,Tigre,D,18933,Retiro,A,1158
656,19028,Retiro,D,19052,Tigre,A,942
657,19126,Tigre,D,19150,Retiro,A,1013
658,19245,Retiro,D,19269,Tigre,A,1168
659,19367,Tigre,D,19391,Retiro,A,1109
660,19527,Retiro,D,19551,Tigre,A,1073
661,19596,Tigre,D,19620,Retiro,A,1141
662,19716,Retiro,D,19740,Tigre,A,1369
663,19876,Tigre,D,19900,Retiro,A,833
664,19983,Retiro,D,20007,Tigre,A,971
665,20088,Tigre,D,20112,Retiro,A,841
666,20226,Retiro,D,20250,Tigre,A,993
667,20321,Tigre,D,20345,Retiro,A,895
668,20456,Retiro,D,20480,Tigre,A,903
669,20599,Tigre,D,20623,Retiro,A,910
670,20704,Retiro,D,20728,Tigre,A,913
671,20814,Tigre,D,20838,Retiro,A,907
672,20965,Retiro,D,20989,Tigre,A,953
673,21031,Tigre,D,21055,Retiro,A,773
674,21202,Retiro,D,21226,Tigre,A,630
675,21323,Tigre,D,21347,Retiro,A,919
676,21394,Retiro,D,21418,Tigre,A,1142
677,21517,Tigre,D,21541,Retiro,A,911
678,21632,Retiro,D,21656,Tigre,A,681
679,21773,Tigre,D,21797,Retiro,A,850
680,21890,Retiro,D,21914,Tigre,A,1071
681,22017,Tigre,D,22041,Retiro,A,1082
682,22152,Retiro,D,22176,Tigre,A,1009
683,22276,Tigre,D,22300,Retiro,A,775
684,22388,Retiro,D,22412,Tigre,A,817
685,22474,Tigre,D,22498,Retiro,A,1219
686,22632,Retiro,D,22656,Tigre,A,423
687,22756,Tigre,D,22780,Retiro,A,1231
688,22838,Retiro,D,22862,Tigre,A,1367
689,22986,Tigre,D,23010,Retiro,A,763
690,23072,Retiro,D,23096,Tigre,A,939
691,23204,Tigre,D,23228,Retiro,A,777
692,23357,Retiro,D,23381,Tigre,A,887
693,23440,Tigre,D,23464,Retiro,A,1100
694,23608,Retiro,D,23632,Tigre,A,1048
695,23705,Tigre,D,23729,Retiro,A,953
696,23848,Retiro,D,23872,Tigre,A,1086
697,23965,Tigre,D,23989,Retiro,A,921
698,24040,Retiro,D,24064,Tigre,A,995
699,24204,Tigre,D,24228,Retiro,A,1264
700,24291,Retiro,D,24315,Tigre,A,821
701,24407,Tigre,D,24431,Retiro,A,881
702,24524,Retiro,D,24548,Tigre,A,1252
703,24661,Tigre,D,24685,Retiro,A,950
704,24804,Retiro,D,24828,Tigre,A,1227
705,24881,Tigre,D,24905,Retiro,A,1045
706,25021,Retiro,D,25045,Tigre,A,1147
707,25145,Tigre,D,25169,Retiro,A,970
708,25266,Retiro,D,25290,Tigre,A,677
709,25391,Tigre,D,25415,Retiro,A,828
710,25509,Retiro,D,25533,Tigre,A,997
711,25613,Tigre,D,25637,Retiro,A,1142
712,25743,Retiro,D,25767,Tigre,A,1065
713,25835,Tigre,D,25859,Retiro,A,654
714,25984,Retiro,D,26008,Tigre,A,907
715,26071,Tigre,D,26095,Retiro,A,1008
716,26210,Retiro,D,26234,Tigre,A,1368
717,26315,Tigre,D,26339,Retiro,A,1130
718,26467,Retiro,D,26491,Tigre,A,693
719,26568,Tigre,D,26592,Retiro,A,939
720,26704,Retiro,D,26728,Tigre,A,904
721,26833,Tigre,D,26857,Retiro,A,862
722,26912,Retiro,D,26936,Tigre,A,1390
723,27079,Tigre,D,27103,Retiro,A,807
724,27193,Retiro,D,27217,Tigre,A,1130
725,27306,Tigre,D,27330,Retiro,A,795
726,27436,Retiro,D,27460,Tigre,A,1091
727,27526,Tigre,D,27550,Retiro,A,1286
728,27677,Retiro,D,27701,Tigre,A,878
729,27789,Tigre,D,27813,Retiro,A,1125
730,27873,Retiro,D,27897,Tigre,A,1283
731,28000,Tigre,D,28024,Retiro,A,907
732,28163,Retiro,D,28187,Tigre,A,688
733,28240,Tigre,D,28264,Retiro,A,862
734,28353,Retiro,D,28377,Tigre,A,1108
735,28510,Tigre,D,28534,Retiro,A,1118
736,28606,Retiro,D,28630,Tigre,A,1333
737,28769,Tigre,D,28793,Retiro,A,797
738,28859,Retiro,D,28883,Tigre,A,884
739,28973,Tigre,D,28997,Retiro,A,767
740,29074,Retiro,D,29098,Tigre,A,1303
741,29249,Tigre,D,29273,Retiro,A,916
742,29365,Retiro,D,29389,Tigre,A,628
743,29483,Tigre,D,29507,Retiro,A,827
744,29569,Retiro,D,29593,Tigre,A,917
745,29691,Tigre,D,29715,Retiro,A,1068
746,29807,Retiro,D,29831,Tigre,A,800
747,29958,Tigre,D,29982,Retiro,A,1262
748,30065,Retiro,D,30089,Tigre,A,841
749,30188,Tigre,D,30212,Retiro,A,1308
750,30294,Retiro,D,30318,Tigre,A,913
751,30433,Tigre,D,30457,Retiro,A,1216
752,30557,Retiro,D,30581,Tigre,A,805
753,30656,Tigre,D,30680,Retiro,A,1083
754,30780,Retiro,D,30804,Tigre,A,926
755,30899,Tigre,D,30923,Retiro,A,869
756,31024,Retiro,D,31048,Tigre,A,1105
757,31157,Tigre,D,31181,Retiro,A,1052
758,31274,Retiro,D,31298,Tigre,A,889
759,31364,Tigre,D,31388,Retiro,A,1063
760,31478,Retiro,D,31502,Tigre,A,933
761,31595,Tigre,D,31619,Retiro,A,1227
762,31757,Retiro,D,31781,Tigre,A,1120
763,31831,Tigre,D,31855,Retiro,A,919
764,31978,Retiro,D,32002,Tigre,A,977
765,32106,Tigre,D,32130,Retiro,A,743
766,32217,Retiro,D,32241,Tigre,A,1193
767,32320,Tigre,D,32344,Retiro,A,1120
768,32448,Retiro,D,32472,Tigre,A,768
769,32577,Tigre,D,32601,Retiro,A,939
770,32726,Retiro,D,32750,Tigre,A,1180
771,32808,Tigre,D,32832,Retiro,A,1164
772,32926,Retiro,D,32950,Tigre,A,1094
773,33084,Tigre,D,33108,Retiro,A,1072
774,33203,Retiro,D,33227,Tigre,A,776
775,33283,Tigre,D,33307,Retiro,A,1352
776,33421,Retiro,D,33445,Tigre,A,835
777,33529,Tigre,D,33553,Retiro,A,1068
778,33677,Retiro,D,33701,Tigre,A,1299
779,33775,Tigre,D,33799,Retiro,A,811
780,33915,Retiro,D,33939,Tigre,A,1025
781,34000,Tigre,D,34024,Retiro,A,1067
782,34111,Retiro,D,34135,Tigre,A,1262
783,34268,Tigre,D,34292,Retiro,A,1073
784,34372,Retiro,D,34396,Tigre,A,1100
785,34496,Tigre,D,34520,Retiro,A,1135
786,34607,Retiro,D,34631,Tigre,A,989
787,34767,Tigre,D,34791,Retiro,A,1320
788,34882,Retiro,D,34906,Tigre,A,1113
789,34960,Tigre,D,34984,Retiro,A,919
790,35073,Retiro,D,35097,Tigre,A,1044
791,35223,Tigre,D,35247,Retiro,A,1086
792,35352,Retiro,D,35376,Tigre,A,1063
793,35474,Tigre,D,35498,Retiro,A,957
794,35570,Retiro,D,35594,Tigre,A,969
795,35695,Tigre,D,35719,Retiro,A,1166
796,35838,Retiro,D,35862,Tigre,A,790
797,35967,Tigre,D,35991,Retiro,A,826
798,36036,Retiro,D,36060,Tigre,A,867
799,36155,Tigre,D,36179,Retiro,A,864
800,36272,Retiro,D,36296,Tigre,A,839
801,36397,Tigre,D,36421,Retiro,A,861
802,36524,Retiro,D,36548,Tigre,A,629
803,36660,Tigre,D,36684,Retiro,A,939
804,36800,Retiro,D,36824,Tigre,A,1141
805,36911,Tigre,D,36935,Retiro,A,856
806,37011,Retiro,D,37035,Tigre,A,1081
807,37128,Tigre,D,37152,Retiro,A,690
808,37283,Retiro,D,37307,Tigre,A,1248
809,37393,Tigre,D,37417,Retiro,A,823
810,37503,Retiro,D,37527,Tigre,A,1016
811,37625,Tigre,D,37649,Retiro,A,989
812,37713,Retiro,D,37737,Tigre,A,1168
813,37855,Tigre,D,37879,Retiro,A,1074
814,37976,Retiro,D,38000,Tigre,A,1029
815,38108,Tigre,D,38132,Retiro,A,1207
816,38192,Retiro,D,38216,Tigre,A,1536
817,38357,Tigre,D,38381,Retiro,A,1209
818,38453,Retiro,D,38477,Tigre,A,1349
819,38551,Tigre,D,38575,Retiro,A,710
820,38700,Retiro,D,38724,Tigre,A,821
821,38842,Tigre,D,38866,Retiro,A,1115
822,38966,Retiro,D,38990,Tigre,A,1236
823,39088,Tigre,D,39112,Retiro,A,840
824,39196,Retiro,D,39220,Tigre,A,255
825,39321,Tigre,D,39345,Retiro,A,594
826,39399,Retiro,D,39423,Tigre,A,1158
827,39527,Tigre,D,39551,Retiro,A,411
828,39654,Retiro,D,39678,Tigre,A,971
829,39804,Tigre,D,39828,Retiro,A,1036
830,39928,Retiro,D,39952,Tigre,A,1152
831,39995,Tigre,D,40019,Retiro,A,1117
832,40149,Retiro,D,40173,Tigre,A,886
833,40287,Tigre,D,40311,Retiro,A,707
834,40392,Retiro,D,40416,Tigre,A,1066
835,40517,Tigre,D,40541,Retiro,A,917
836,40628,Retiro,D,40652,Tigre,A,1191
837,40725,Tigre,D,40749,Retiro,A,1067
838,40853,Retiro,D,40877,Tigre,A,665
839,40988,Tigre,D,41012,Retiro,A,1034
840,41083,Retiro,D,41107,Tigre,A,798
841,41199,Tigre,D,41223,Retiro,A,1218
842,41324,Retiro,D,41348,Tigre,A,911
843,41449,Tigre,D,41473,Retiro,A,942
844,41562,Retiro,D,41586,Tigre,A,851
845,41689,Tigre,D,41713,Retiro,A,1197
846,41824,Retiro,D,41848,Tigre,A,1206
847,41948,Tigre,D,41972,Retiro,A,1002
848,42088,Retiro,D,42112,Tigre,A,960
849,42190,Tigre,D,42214,Retiro,A,1204
850,42283,Retiro,D,42307,Tigre,A,1181
851,42426,Tigre,D,42450,Retiro,A,958
852,42559,Retiro,D,42583,Tigre,A,1043
853,42650,Tigre,D,42674,Retiro,A,1090
854,42804,Retiro,D,42828,Tigre,A,995
855,42871,Tigre,D,42895,Retiro,A,992
856,43047,Retiro,D,43071,Tigre,A,1283
857,43114,Tigre,D,43138,Retiro,A,1175
858,43259,Retiro,D,43283,Tigre,A,1125
859,43387,Tigre,D,43411,Retiro,A,361
860,43490,Retiro,D,43514,Tigre,A,606
861,43614,Tigre,D,43638,Retiro,A,1336
862,43745,Retiro,D,43769,Tigre,A,1158
863,43865,Tigre,D,43889,Retiro,A,959
864,43956,Retiro,D,43980,Tigre,A,883
865,44118,Tigre,D,44142,Retiro,A,808
866,44246,Retiro,D,44270,Tigre,A,980
867,44312,Tigre,D,44336,Retiro,A,975
868,44430,Retiro,D,44454,Tigre,A,1101
869,44582,Tigre,D,44606,Retiro,A,1135
870,44685,Retiro,D,44709,Tigre,A,754
871,44822,Tigre,D,44846,Retiro,A,827
872,44930,Retiro,D,44954,Tigre,A,1235
873,45075,Tigre,D,45099,Retiro,A,1161
874,45159,Retiro,D,45183,Tigre,A,703
875,45298,Tigre,D,45322,Retiro,A,1102
876,45423,Retiro,D,45447,Tigre,A,659
877,45538,Tigre,D,45562,Retiro,A,907
878,45654,Retiro,D,45678,Tigre,A,1214
879,45773,Tigre,D,45797,Retiro,A,1082
880,45899,Retiro,D,45923,Tigre,A,1530
881,45992,Tigre,D,46016,Retiro,A,1078
882,46112,Retiro,D,46136,Tigre,A,794
883,46289,Tigre,D,46313,Retiro,A,1168
884,46393,Retiro,D,46417,Tigre,A,1172
885,46521,Tigre,D,46545,Retiro,A,808
886,46610,Retiro,D,46634,Tigre,A,949
887,46753,Tigre,D,46777,Retiro,A,729
888,46857,Retiro,D,46881,Tigre,A,861
889,46965,Tigre,D,46989,Retiro,A,1267
890,47081,Retiro,D,47105,Tigre,A,1079
891,47203,Tigre,D,47227,Retiro,A,967
892,47361,Retiro,D,47385,Tigre,A,1089
893,47484,Tigre,D,47508,Retiro,A,910
894,47562,Retiro,D,47586,Tigre,A,937
895,47721,Tigre,D,47745,Retiro,A,1027
896,47818,Retiro,D,47842,Tigre,A,866
897,47945,Tigre,D,47969,Retiro,A,838
898,48081,Retiro,D,48105,Tigre,A,1326
899,48196,Tigre,D,48220,Retiro,A,1196
900,48325,Retiro,D,48349,Tigre,A,701
901,48443,Tigre,D,48467,Retiro,A,906
902,48548,Retiro,D,48572,Tigre,A,1358
903,48632,Tigre,D,48656,Retiro,A,882
904,48802,Retiro,D,48826,Tigre,A,786
905,48895,Tigre,D,48919,Retiro,A,613
906,49003,Retiro,D,49027,Tigre,A,1061
907,49159,Tigre,D,49183,Retiro,A,884
908,49277,Retiro,D,49301,Tigre,A,1200
909,49399,Tigre,D,49423,Retiro,A,1329
910,49471,Retiro,D,49495,Tigre,A,881
911,49598,Tigre,D,49622,Retiro,A,1143
912,49751,Retiro,D,49775,Tigre,A,1100
913,49873,Tigre,D,49897,Retiro,A,884
914,50005,Retiro,D,50029,Tigre,A,1144
915,50085,Tigre,D,50109,Retiro,A,597
916,50205,Retiro,D,50229,Tigre,A,877
917,50348,Tigre,D,50372,Retiro,A,899
918,50469,Retiro,D,50493,Tigre,A,938
919,50563,Tigre,D,50587,Retiro,A,801
920,50687,Retiro,D,50711,Tigre,A,961
921,50807,Tigre,D,50831,Retiro,A,1108
922,50922,Retiro,D,50946,Tigre,A,726
923,51041,Tigre,D,51065,Retiro,A,1188
924,51192,Retiro,D,51216,Tigre,A,1138
925,51302,Tigre,D,51326,Retiro,A,942
926,51395,Retiro,D,51419,Tigre,A,1065
927,51532,Tigre,D,51556,Retiro,A,858
928,51635,Retiro,D,51659,Tigre,A,709
929,51763,Tigre,D,51787,Retiro,A,979
930,51875,Retiro,D,51899,Tigre,A,895
931,52018,Tigre,D,52042,Retiro,A,1037
932,52113,Retiro,D,52137,Tigre,A,1221
933,52242,Tigre,D,52266,Retiro,A,611
934,52377,Retiro,D,52401,Tigre,A,936
935,52513,Tigre,D,52537,Retiro,A,1165
936,52608,Retiro,D,52632,Tigre,A,1001
937,52735,Tigre,D,52759,Retiro,A,974
938,52848,Retiro,D,52872,Tigre,A,1448
939,52954,Tigre,D,52978,Retiro,A,1242
940,53121,Retiro,D,53145,Tigre,A,1266
941,53218,Tigre,D,53242,Retiro,A,700
942,53352,Retiro,D,53376,Tigre,A,1219
943,53442,Tigre,D,53466,Retiro,A,1136
944,53561,Retiro,D,53585,Tigre,A,1110
945,53673,Tigre,D,53697,Retiro,A,941
946,53805,Retiro,D,53829,Tigre,A,1024
947,53969,Tigre,D,53993,Retiro,A,1410
948,54088,Retiro,D,54112,Tigre,A,880
949,54163,Tigre,D,54187,Retiro,A,1205
950,54285,Retiro,D,54309,Tigre,A,737
951,54405,Tigre,D,54429,Retiro,A,1022
952,54556,Retiro,D,54580,Tigre,A,1309
953,54688,Tigre,D,54712,Retiro,A,1115
954,54780,Retiro,D,54804,Tigre,A,1241
955,54917,Tigre,D,54941,Retiro,A,1496
956,55000,Retiro,D,55024,Tigre,A,975
957,55142,Tigre,D,55166,Retiro,A,1450
958,55273,Retiro,D,55297,Tigre,A,646
959,55370,Tigre,D,55394,Retiro,A,873
960,55515,Retiro,D,55539,Tigre,A,1050
961,55595,Tigre,D,55619,Retiro,A,1307
962,55729,Retiro,D,55753,Tigre,A,928
963,55853,Tigre,D,55877,Retiro,A,1196
964,55982,Retiro,D,56006,Tigre,A,925
965,56118,Tigre,D,56142,Retiro,A,1229
966,56238,Retiro,D,56262,Tigre,A,652
967,56336,Tigre,D,56360,Retiro,A,1163
968,56430,Retiro,D,56454,Tigre,A,870
969,56592,Tigre,D,56616,Retiro,A,810
970,56707,Retiro,D,56731,Tigre,A,998
971,56808,Tigre,D,56832,Retiro,A,915
972,56941,Retiro,D,56965,Tigre,A,797
973,57088,Tigre,D,57112,Retiro,A,872
974,57178,Retiro,D,57202,Tigre,A,818
975,57318,Tigre,D,57342,Retiro,A,705
976,57411,Retiro,D,57435,Tigre,A,918
977,57568,Tigre,D,57592,Retiro,A,1056
978,57641,Retiro,D,57665,Tigre,A,999
979,57769,Tigre,D,57793,Retiro,A,710
980,57898,Retiro,D,57922,Tigre,A,841
981,58002,Tigre,D,58026,Retiro,A,1097
982,58168,Retiro,D,58192,Tigre,A,1265
983,58246,Tigre,D,58270,Retiro,A,1297
984,58399,Retiro,D,58423,Tigre,A,834
985,58500,Tigre,D,58524,Retiro,A,725
986,58639,Retiro,D,58663,Tigre,A,1198
987,58740,Tigre,D,58764,Retiro,A,1012
988,58834,Retiro,D,58858,Tigre,A,1104
989,58978,Tigre,D,59002,Retiro,A,1141
990,59091,Retiro,D,59115,Tigre,A,1067
991,59196,Tigre,D,59220,Retiro,A,978
992,59346,Retiro,D,59370,Tigre,A,728
993,59438,Tigre,D,59462,Retiro,A,844
994,59608,Retiro,D,59632,Tigre,A,1048
995,59718,Tigre,D,59742,Retiro,A,840
996,59812,Retiro,D,59836,Tigre,A,1324
997,59910,Tigre,D,59934,Retiro,A,1059
998,60051,Retiro,D,60075,Tigre,A,976
999,60181,Tigre,D,60205,Retiro,A,1097
