{"services": {"0": {"stops": [{"time": 290, "station": "Retiro", "type": "D"}, {"time": 314, "station": "Tigre", "type": "A"}], "demand": [362]}, "1": {"stops": [{"time": 426, "station": "Tigre", "type": "D"}, {"time": 450, "station": "Retiro", "type": "A"}], "demand": [576]}, "2": {"stops": [{"time": 555, "station": "Retiro", "type": "D"}, {"time": 579, "station": "Tigre", "type": "A"}], "demand": [473]}, "3": {"stops": [{"time": 688, "station": "Tigre", "type": "D"}, {"time": 712, "station": "Retiro", "type": "A"}], "demand": [467]}, "4": {"stops": [{"time": 774, "station": "Retiro", "type": "D"}, {"time": 798, "station": "Tigre", "type": "A"}], "demand": [355]}, "5": {"stops": [{"time": 276, "station": "Tigre", "type": "D"}, {"time": 300, "station": "Retiro", "type": "A"}], "demand": [308]}, "6": {"stops": [{"time": 431, "station": "Retiro", "type": "D"}, {"time": 455, "station": "Tigre", "type": "A"}], "demand": [534]}, "7": {"stops": [{"time": 558, "station": "Tigre", "type": "D"}, {"time": 582, "station": "Retiro", "type": "A"}], "demand": [447]}, "8": {"stops": [{"time": 669, "station": "Retiro", "type": "D"}, {"time": 693, "station": "Tigre", "type": "A"}], "demand": [395]}, "9": {"stops": [{"time": 756, "station": "Tigre", "type": "D"}, {"time": 780, "station": "Retiro", "type": "A"}], "demand": [438]}}, "stations": ["Retiro", "Tigre"], "cost_per_unit": {"Tigre": 1.0, "Retiro": 1.0}, "rs_info": {"capacity": 100, "max_rs": 25}}