{"services": {"0": {"stops": [{"time": 300, "station": "Retiro", "type": "D"}, {"time": 324, "station": "Tigre", "type": "A"}], "demand": [757]}, "1": {"stops": [{"time": 445, "station": "Tigre", "type": "D"}, {"time": 469, "station": "Retiro", "type": "A"}], "demand": [634]}, "2": {"stops": [{"time": 310, "station": "Retiro", "type": "D"}, {"time": 334, "station": "Tigre", "type": "A"}], "demand": [377]}, "3": {"stops": [{"time": 405, "station": "Tigre", "type": "D"}, {"time": 429, "station": "Retiro", "type": "A"}], "demand": [304]}}, "stations": ["Retiro", "Tigre"], "cost_per_unit": {"Tigre": 1.0, "Retiro": 1.0}, "rs_info": {"capacity": 100, "max_rs": 10}}