{"services": {"0": {"stops": [{"time": 273, "station": "Retiro", "type": "D"}, {"time": 297, "station": "Tigre", "type": "A"}], "demand": [2167]}, "1": {"stops": [{"time": 396, "station": "Tigre", "type": "D"}, {"time": 420, "station": "Retiro", "type": "A"}], "demand": [1897]}, "2": {"stops": [{"time": 524, "station": "Retiro", "type": "D"}, {"time": 548, "station": "Tigre", "type": "A"}], "demand": [2151]}, "3": {"stops": [{"time": 668, "station": "Tigre", "type": "D"}, {"time": 692, "station": "Retiro", "type": "A"}], "demand": [2076]}, "4": {"stops": [{"time": 773, "station": "Retiro", "type": "D"}, {"time": 797, "station": "Tigre", "type": "A"}], "demand": [1978]}, "5": {"stops": [{"time": 271, "station": "Tigre", "type": "D"}, {"time": 295, "station": "Retiro", "type": "A"}], "demand": [2220]}, "6": {"stops": [{"time": 401, "station": "Retiro", "type": "D"}, {"time": 425, "station": "Tigre", "type": "A"}], "demand": [1819]}, "7": {"stops": [{"time": 541, "station": "Tigre", "type": "D"}, {"time": 565, "station": "Retiro", "type": "A"}], "demand": [2015]}, "8": {"stops": [{"time": 679, "station": "Retiro", "type": "D"}, {"time": 703, "station": "Tigre", "type": "A"}], "demand": [1956]}, "9": {"stops": [{"time": 798, "station": "Tigre", "type": "D"}, {"time": 822, "station": "Retiro", "type": "A"}], "demand": [1707]}}, "stations": ["Retiro", "Tigre"], "cost_per_unit": {"Tigre": 1.0, "Retiro": 1.0}, "rs_info": {"capacity": 100, "max_rs": 25}}