{"services": {"0": {"stops": [{"time": 274, "station": "Retiro", "type": "D"}, {"time": 298, "station": "Tigre", "type": "A"}], "demand": [1840]}, "1": {"stops": [{"time": 408, "station": "Tigre", "type": "D"}, {"time": 432, "station": "Retiro", "type": "A"}], "demand": [1611]}, "2": {"stops": [{"time": 535, "station": "Retiro", "type": "D"}, {"time": 559, "station": "Tigre", "type": "A"}], "demand": [1801]}, "3": {"stops": [{"time": 654, "station": "Tigre", "type": "D"}, {"time": 678, "station": "Retiro", "type": "A"}], "demand": [1946]}, "4": {"stops": [{"time": 770, "station": "Retiro", "type": "D"}, {"time": 794, "station": "Tigre", "type": "A"}], "demand": [2302]}, "5": {"stops": [{"time": 314, "station": "Tigre", "type": "D"}, {"time": 338, "station": "Retiro", "type": "A"}], "demand": [2055]}, "6": {"stops": [{"time": 400, "station": "Retiro", "type": "D"}, {"time": 424, "station": "Tigre", "type": "A"}], "demand": [1965]}, "7": {"stops": [{"time": 524, "station": "Tigre", "type": "D"}, {"time": 548, "station": "Retiro", "type": "A"}], "demand": [2161]}, "8": {"stops": [{"time": 680, "station": "Retiro", "type": "D"}, {"time": 704, "station": "Tigre", "type": "A"}], "demand": [1775]}, "9": {"stops": [{"time": 799, "station": "Tigre", "type": "D"}, {"time": 823, "station": "Retiro", "type": "A"}], "demand": [2292]}}, "stations": ["Retiro", "Tigre"], "cost_per_unit": {"Tigre": 1.0, "Retiro": 1.0}, "rs_info": {"capacity": 100, "max_rs": 25}}