{"services": {"0": {"stops": [{"time": 282, "station": "Retiro", "type": "D"}, {"time": 306, "station": "Tigre", "type": "A"}], "demand": [775]}, "1": {"stops": [{"time": 399, "station": "Tigre", "type": "D"}, {"time": 423, "station": "Retiro", "type": "A"}], "demand": [375]}, "2": {"stops": [{"time": 517, "station": "Retiro", "type": "D"}, {"time": 541, "station": "Tigre", "type": "A"}], "demand": [179]}, "3": {"stops": [{"time": 649, "station": "Tigre", "type": "D"}, {"time": 673, "station": "Retiro", "type": "A"}], "demand": [510]}, "4": {"stops": [{"time": 776, "station": "Retiro", "type": "D"}, {"time": 800, "station": "Tigre", "type": "A"}], "demand": [858]}, "5": {"stops": [{"time": 273, "station": "Tigre", "type": "D"}, {"time": 297, "station": "Retiro", "type": "A"}], "demand": [367]}, "6": {"stops": [{"time": 447, "station": "Retiro", "type": "D"}, {"time": 471, "station": "Tigre", "type": "A"}], "demand": [313]}, "7": {"stops": [{"time": 566, "station": "Tigre", "type": "D"}, {"time": 590, "station": "Retiro", "type": "A"}], "demand": [868]}, "8": {"stops": [{"time": 686, "station": "Retiro", "type": "D"}, {"time": 710, "station": "Tigre", "type": "A"}], "demand": [383]}, "9": {"stops": [{"time": 774, "station": "Tigre", "type": "D"}, {"time": 798, "station": "Retiro", "type": "A"}], "demand": [448]}}, "stations": ["Retiro", "Tigre"], "cost_per_unit": {"Tigre": 1.0, "Retiro": 2.0}, "rs_info": {"capacity": 100, "max_rs": 25}}