{"services": {"0": {"stops": [{"time": 304, "station": "Retiro", "type": "D"}, {"time": 328, "station": "Tigre", "type": "A"}], "demand": [528]}, "1": {"stops": [{"time": 440, "station": "Tigre", "type": "D"}, {"time": 464, "station": "Retiro", "type": "A"}], "demand": [546]}, "2": {"stops": [{"time": 523, "station": "Retiro", "type": "D"}, {"time": 547, "station": "Tigre", "type": "A"}], "demand": [566]}, "3": {"stops": [{"time": 646, "station": "Tigre", "type": "D"}, {"time": 670, "station": "Retiro", "type": "A"}], "demand": [369]}, "4": {"stops": [{"time": 800, "station": "Retiro", "type": "D"}, {"time": 824, "station": "Tigre", "type": "A"}], "demand": [452]}, "5": {"stops": [{"time": 276, "station": "Tigre", "type": "D"}, {"time": 300, "station": "Retiro", "type": "A"}], "demand": [172]}, "6": {"stops": [{"time": 416, "station": "Retiro", "type": "D"}, {"time": 440, "station": "Tigre", "type": "A"}], "demand": [344]}, "7": {"stops": [{"time": 520, "station": "Tigre", "type": "D"}, {"time": 544, "station": "Retiro", "type": "A"}], "demand": [709]}, "8": {"stops": [{"time": 661, "station": "Retiro", "type": "D"}, {"time": 685, "station": "Tigre", "type": "A"}], "demand": [1021]}, "9": {"stops": [{"time": 805, "station": "Tigre", "type": "D"}, {"time": 829, "station": "Retiro", "type": "A"}], "demand": [129]}}, "stations": ["Retiro", "Tigre"], "cost_per_unit": {"Tigre": 1.0, "Retiro": 2.0}, "rs_info": {"capacity": 100, "max_rs": 25}}