{"services": {"0": {"stops": [{"time": 322, "station": "Retiro", "type": "D"}, {"time": 346, "station": "Tigre", "type": "A"}], "demand": [623]}, "1": {"stops": [{"time": 395, "station": "Tigre", "type": "D"}, {"time": 419, "station": "Retiro", "type": "A"}], "demand": [957]}, "2": {"stops": [{"time": 536, "station": "Retiro", "type": "D"}, {"time": 560, "station": "Tigre", "type": "A"}], "demand": [539]}, "3": {"stops": [{"time": 647, "station": "Tigre", "type": "D"}, {"time": 671, "station": "Retiro", "type": "A"}], "demand": [499]}, "4": {"stops": [{"time": 786, "station": "Retiro", "type": "D"}, {"time": 810, "station": "Tigre", "type": "A"}], "demand": [293]}, "5": {"stops": [{"time": 303, "station": "Tigre", "type": "D"}, {"time": 327, "station": "Retiro", "type": "A"}], "demand": [701]}, "6": {"stops": [{"time": 444, "station": "Retiro", "type": "D"}, {"time": 468, "station": "Tigre", "type": "A"}], "demand": [453]}, "7": {"stops": [{"time": 512, "station": "Tigre", "type": "D"}, {"time": 536, "station": "Retiro", "type": "A"}], "demand": [172]}, "8": {"stops": [{"time": 644, "station": "Retiro", "type": "D"}, {"time": 668, "station": "Tigre", "type": "A"}], "demand": [607]}, "9": {"stops": [{"time": 807, "station": "Tigre", "type": "D"}, {"time": 831, "station": "Retiro", "type": "A"}], "demand": [457]}}, "stations": ["Retiro", "Tigre"], "cost_per_unit": {"Tigre": 1.0, "Retiro": 2.0}, "rs_info": {"capacity": 100, "max_rs": 25}}