{"services": {"0": {"stops": [{"time": 287, "station": "Retiro", "type": "D"}, {"time": 311, "station": "Tigre", "type": "A"}], "demand": [92]}, "1": {"stops": [{"time": 400, "station": "Tigre", "type": "D"}, {"time": 424, "station": "Retiro", "type": "A"}], "demand": [614]}, "2": {"stops": [{"time": 558, "station": "Retiro", "type": "D"}, {"time": 582, "station": "Tigre", "type": "A"}], "demand": [650]}, "3": {"stops": [{"time": 660, "station": "Tigre", "type": "D"}, {"time": 684, "station": "Retiro", "type": "A"}], "demand": [119]}, "4": {"stops": [{"time": 762, "station": "Retiro", "type": "D"}, {"time": 786, "station": "Tigre", "type": "A"}], "demand": [47]}, "5": {"stops": [{"time": 307, "station": "Tigre", "type": "D"}, {"time": 331, "station": "Retiro", "type": "A"}], "demand": [473]}, "6": {"stops": [{"time": 398, "station": "Retiro", "type": "D"}, {"time": 422, "station": "Tigre", "type": "A"}], "demand": [615]}, "7": {"stops": [{"time": 559, "station": "Tigre", "type": "D"}, {"time": 583, "station": "Retiro", "type": "A"}], "demand": [796]}, "8": {"stops": [{"time": 665, "station": "Retiro", "type": "D"}, {"time": 689, "station": "Tigre", "type": "A"}], "demand": [712]}, "9": {"stops": [{"time": 790, "station": "Tigre", "type": "D"}, {"time": 814, "station": "Retiro", "type": "A"}], "demand": [872]}}, "stations": ["Retiro", "Tigre"], "cost_per_unit": {"Tigre": 1.0, "Retiro": 2.0}, "rs_info": {"capacity": 100, "max_rs": 25}}