{"services": {"0": {"stops": [{"time": 308, "station": "Retiro", "type": "D"}, {"time": 332, "station": "Tigre", "type": "A"}], "demand": [1461]}, "1": {"stops": [{"time": 445, "station": "Tigre", "type": "D"}, {"time": 469, "station": "Retiro", "type": "A"}], "demand": [1773]}, "2": {"stops": [{"time": 512, "station": "Retiro", "type": "D"}, {"time": 536, "station": "Tigre", "type": "A"}], "demand": [1490]}, "3": {"stops": [{"time": 635, "station": "Tigre", "type": "D"}, {"time": 659, "station": "Retiro", "type": "A"}], "demand": [1284]}, "4": {"stops": [{"time": 759, "station": "Retiro", "type": "D"}, {"time": 783, "station": "Tigre", "type": "A"}], "demand": [1467]}, "5": {"stops": [{"time": 313, "station": "Tigre", "type": "D"}, {"time": 337, "station": "Retiro", "type": "A"}], "demand": [1297]}, "6": {"stops": [{"time": 393, "station": "Retiro", "type": "D"}, {"time": 417, "station": "Tigre", "type": "A"}], "demand": [1479]}, "7": {"stops": [{"time": 539, "station": "Tigre", "type": "D"}, {"time": 563, "station": "Retiro", "type": "A"}], "demand": [1708]}, "8": {"stops": [{"time": 654, "station": "Retiro", "type": "D"}, {"time": 678, "station": "Tigre", "type": "A"}], "demand": [1660]}, "9": {"stops": [{"time": 777, "station": "Tigre", "type": "D"}, {"time": 801, "station": "Retiro", "type": "A"}], "demand": [1566]}}, "stations": ["Retiro", "Tigre"], "cost_per_unit": {"Tigre": 1.0, "Retiro": 1.0}, "rs_info": {"capacity": 100, "max_rs": 25}}