{"services": {"0": {"stops": [{"time": 305, "station": "Retiro", "type": "D"}, {"time": 329, "station": "Tigre", "type": "A"}], "demand": [1763]}, "1": {"stops": [{"time": 431, "station": "Tigre", "type": "D"}, {"time": 455, "station": "Retiro", "type": "A"}], "demand": [1108]}, "2": {"stops": [{"time": 530, "station": "Retiro", "type": "D"}, {"time": 554, "station": "Tigre", "type": "A"}], "demand": [1620]}, "3": {"stops": [{"time": 678, "station": "Tigre", "type": "D"}, {"time": 702, "station": "Retiro", "type": "A"}], "demand": [1243]}, "4": {"stops": [{"time": 782, "station": "Retiro", "type": "D"}, {"time": 806, "station": "Tigre", "type": "A"}], "demand": [1704]}, "5": {"stops": [{"time": 319, "station": "Tigre", "type": "D"}, {"time": 343, "station": "Retiro", "type": "A"}], "demand": [1295]}, "6": {"stops": [{"time": 433, "station": "Retiro", "type": "D"}, {"time": 457, "station": "Tigre", "type": "A"}], "demand": [1669]}, "7": {"stops": [{"time": 523, "station": "Tigre", "type": "D"}, {"time": 547, "station": "Retiro", "type": "A"}], "demand": [1899]}, "8": {"stops": [{"time": 641, "station": "Retiro", "type": "D"}, {"time": 665, "station": "Tigre", "type": "A"}], "demand": [1548]}, "9": {"stops": [{"time": 752, "station": "Tigre", "type": "D"}, {"time": 776, "station": "Retiro", "type": "A"}], "demand": [1299]}}, "stations": ["Retiro", "Tigre"], "cost_per_unit": {"Tigre": 1.0, "Retiro": 1.0}, "rs_info": {"capacity": 100, "max_rs": 25}}