{"services": {"0": {"stops": [{"time": 314, "station": "Retiro", "type": "D"}, {"time": 338, "station": "Tigre", "type": "A"}], "demand": [1412]}, "1": {"stops": [{"time": 394, "station": "Tigre", "type": "D"}, {"time": 418, "station": "Retiro", "type": "A"}], "demand": [1135]}, "2": {"stops": [{"time": 563, "station": "Retiro", "type": "D"}, {"time": 587, "station": "Tigre", "type": "A"}], "demand": [1380]}, "3": {"stops": [{"time": 632, "station": "Tigre", "type": "D"}, {"time": 656, "station": "Retiro", "type": "A"}], "demand": [1445]}, "4": {"stops": [{"time": 806, "station": "Retiro", "type": "D"}, {"time": 830, "station": "Tigre", "type": "A"}], "demand": [1475]}, "5": {"stops": [{"time": 326, "station": "Tigre", "type": "D"}, {"time": 350, "station": "Retiro", "type": "A"}], "demand": [1320]}, "6": {"stops": [{"time": 439, "station": "Retiro", "type": "D"}, {"time": 463, "station": "Tigre", "type": "A"}], "demand": [1392]}, "7": {"stops": [{"time": 545, "station": "Tigre", "type": "D"}, {"time": 569, "station": "Retiro", "type": "A"}], "demand": [1474]}, "8": {"stops": [{"time": 670, "station": "Retiro", "type": "D"}, {"time": 694, "station": "Tigre", "type": "A"}], "demand": [1238]}, "9": {"stops": [{"time": 761, "station": "Tigre", "type": "D"}, {"time": 785, "station": "Retiro", "type": "A"}], "demand": [1218]}}, "stations": ["Retiro", "Tigre"], "cost_per_unit": {"Tigre": 1.0, "Retiro": 1.0}, "rs_info": {"capacity": 100, "max_rs": 25}}