{"services": {"0": {"stops": [{"time": 275, "station": "Retiro", "type": "D"}, {"time": 299, "station": "Tigre", "type": "A"}], "demand": [1304]}, "1": {"stops": [{"time": 412, "station": "Tigre", "type": "D"}, {"time": 436, "station": "Retiro", "type": "A"}], "demand": [1484]}, "2": {"stops": [{"time": 560, "station": "Retiro", "type": "D"}, {"time": 584, "station": "Tigre", "type": "A"}], "demand": [1660]}, "3": {"stops": [{"time": 667, "station": "Tigre", "type": "D"}, {"time": 691, "station": "Retiro", "type": "A"}], "demand": [1652]}, "4": {"stops": [{"time": 753, "station": "Retiro", "type": "D"}, {"time": 777, "station": "Tigre", "type": "A"}], "demand": [1314]}, "5": {"stops": [{"time": 290, "station": "Tigre", "type": "D"}, {"time": 314, "station": "Retiro", "type": "A"}], "demand": [1270]}, "6": {"stops": [{"time": 435, "station": "Retiro", "type": "D"}, {"time": 459, "station": "Tigre", "type": "A"}], "demand": [1705]}, "7": {"stops": [{"time": 531, "station": "Tigre", "type": "D"}, {"time": 555, "station": "Retiro", "type": "A"}], "demand": [1371]}, "8": {"stops": [{"time": 677, "station": "Retiro", "type": "D"}, {"time": 701, "station": "Tigre", "type": "A"}], "demand": [1549]}, "9": {"stops": [{"time": 786, "station": "Tigre", "type": "D"}, {"time": 810, "station": "Retiro", "type": "A"}], "demand": [1449]}}, "stations": ["Retiro", "Tigre"], "cost_per_unit": {"Tigre": 1.0, "Retiro": 1.0}, "rs_info": {"capacity": 100, "max_rs": 25}}