{"services": {"0": {"stops": [{"time": 271, "station": "Retiro", "type": "D"}, {"time": 295, "station": "Tigre", "type": "A"}], "demand": [861]}, "1": {"stops": [{"time": 436, "station": "Tigre", "type": "D"}, {"time": 460, "station": "Retiro", "type": "A"}], "demand": [406]}, "2": {"stops": [{"time": 287, "station": "Retiro", "type": "D"}, {"time": 311, "station": "Tigre", "type": "A"}], "demand": [776]}, "3": {"stops": [{"time": 435, "station": "Tigre", "type": "D"}, {"time": 459, "station": "Retiro", "type": "A"}], "demand": [652]}}, "stations": ["Retiro", "Tigre"], "cost_per_unit": {"Tigre": 1.0, "Retiro": 1.0}, "rs_info": {"capacity": 100, "max_rs": 20}}