{"services": {"0": {"stops": [{"time": 277, "station": "Retiro", "type": "D"}, {"time": 301, "station": "Tigre", "type": "A"}], "demand": [1396]}, "1": {"stops": [{"time": 416, "station": "Tigre", "type": "D"}, {"time": 440, "station": "Retiro", "type": "A"}], "demand": [1587]}, "2": {"stops": [{"time": 525, "station": "Retiro", "type": "D"}, {"time": 549, "station": "Tigre", "type": "A"}], "demand": [1667]}, "3": {"stops": [{"time": 642, "station": "Tigre", "type": "D"}, {"time": 666, "station": "Retiro", "type": "A"}], "demand": [1409]}, "4": {"stops": [{"time": 761, "station": "Retiro", "type": "D"}, {"time": 785, "station": "Tigre", "type": "A"}], "demand": [1399]}, "5": {"stops": [{"time": 324, "station": "Tigre", "type": "D"}, {"time": 348, "station": "Retiro", "type": "A"}], "demand": [1512]}, "6": {"stops": [{"time": 402, "station": "Retiro", "type": "D"}, {"time": 426, "station": "Tigre", "type": "A"}], "demand": [1368]}, "7": {"stops": [{"time": 518, "station": "Tigre", "type": "D"}, {"time": 542, "station": "Retiro", "type": "A"}], "demand": [1347]}, "8": {"stops": [{"time": 661, "station": "Retiro", "type": "D"}, {"time": 685, "station": "Tigre", "type": "A"}], "demand": [1251]}, "9": {"stops": [{"time": 760, "station": "Tigre", "type": "D"}, {"time": 784, "station": "Retiro", "type": "A"}], "demand": [1371]}}, "stations": ["Retiro", "Tigre"], "cost_per_unit": {"Tigre": 1.0, "Retiro": 1.0}, "rs_info": {"capacity": 100, "max_rs": 25}}