{"services": {"0": {"stops": [{"time": 303, "station": "Retiro", "type": "D"}, {"time": 327, "station": "Tigre", "type": "A"}], "demand": [1689]}, "1": {"stops": [{"time": 412, "station": "Tigre", "type": "D"}, {"time": 436, "station": "Retiro", "type": "A"}], "demand": [1311]}, "2": {"stops": [{"time": 541, "station": "Retiro", "type": "D"}, {"time": 565, "station": "Tigre", "type": "A"}], "demand": [1630]}, "3": {"stops": [{"time": 664, "station": "Tigre", "type": "D"}, {"time": 688, "station": "Retiro", "type": "A"}], "demand": [1392]}, "4": {"stops": [{"time": 795, "station": "Retiro", "type": "D"}, {"time": 819, "station": "Tigre", "type": "A"}], "demand": [1538]}, "5": {"stops": [{"time": 315, "station": "Tigre", "type": "D"}, {"time": 339, "station": "Retiro", "type": "A"}], "demand": [1621]}, "6": {"stops": [{"time": 393, "station": "Retiro", "type": "D"}, {"time": 417, "station": "Tigre", "type": "A"}], "demand": [1314]}, "7": {"stops": [{"time": 551, "station": "Tigre", "type": "D"}, {"time": 575, "station": "Retiro", "type": "A"}], "demand": [1300]}, "8": {"stops": [{"time": 675, "station": "Retiro", "type": "D"}, {"time": 699, "station": "Tigre", "type": "A"}], "demand": [1154]}, "9": {"stops": [{"time": 809, "station": "Tigre", "type": "D"}, {"time": 833, "station": "Retiro", "type": "A"}], "demand": [1707]}}, "stations": ["Retiro", "Tigre"], "cost_per_unit": {"Tigre": 1.0, "Retiro": 1.0}, "rs_info": {"capacity": 100, "max_rs": 25}}