{"stations": ["Cardales", "Victoria"], "cost_per_unit": {"Cardales": 1.0, "Victoria": 1.0}, "rs_info": {"capacity": 100, "max_rs": 25}, "services": {"2002": {"stops": [{"time": 341, "station": "Cardales", "type": "D"}, {"time": 424, "station": "Victoria", "type": "A"}], "demand": [500]}, "2006": {"stops": [{"time": 595, "station": "Cardales", "type": "D"}, {"time": 678, "station": "Victoria", "type": "A"}], "demand": [500]}, "2008": {"stops": [{"time": 715, "station": "Cardales", "type": "D"}, {"time": 798, "station": "Victoria", "type": "A"}], "demand": [500]}, "2010": {"stops": [{"time": 839, "station": "Cardales", "type": "D"}, {"time": 922, "station": "Victoria", "type": "A"}], "demand": [500]}, "2012": {"stops": [{"time": 966, "station": "Cardales", "type": "D"}, {"time": 1049, "station": "Victoria", "type": "A"}], "demand": [500]}, "2014": {"stops": [{"time": 1099, "station": "Cardales", "type": "D"}, {"time": 1182, "station": "Victoria", "type": "A"}], "demand": [500]}, "2016": {"stops": [{"time": 1180, "station": "Cardales", "type": "D"}, {"time": 1263, "station": "Victoria", "type": "A"}], "demand": [500]}, "2018": {"stops": [{"time": 1300, "station": "Cardales", "type": "D"}, {"time": 1383, "station": "Victoria", "type": "A"}], "demand": [500]}, "2001": {"stops": [{"time": 230, "station": "Victoria", "type": "D"}, {"time": 313, "station": "Cardales", "type": "A"}], "demand": [500]}, "2005": {"stops": [{"time": 492, "station": "Victoria", "type": "D"}, {"time": 575, "station": "Cardales", "type": "A"}], "demand": [500]}, "2007": {"stops": [{"time": 610, "station": "Victoria", "type": "D"}, {"time": 695, "station": "Cardales", "type": "A"}], "demand": [500]}, "2009": {"stops": [{"time": 730, "station": "Victoria", "type": "D"}, {"time": 815, "station": "Cardales", "type": "A"}], "demand": [500]}, "2011": {"stops": [{"time": 854, "station": "Victoria", "type": "D"}, {"time": 939, "station": "Cardales", "type": "A"}], "demand": [500]}, "2013": {"stops": [{"time": 981, "station": "Victoria", "type": "D"}, {"time": 1066, "station": "Cardales", "type": "A"}], "demand": [500]}, "2015": {"stops": [{"time": 1066, "station": "Victoria", "type": "D"}, {"time": 1151, "station": "Cardales", "type": "A"}], "demand": [500]}, "2017": {"stops": [{"time": 1195, "station": "Victoria", "type": "D"}, {"time": 1280, "station": "Cardales", "type": "A"}], "demand": [500]}}}