{"services": {"1": {"stops": [{"time": 289, "station": "Retiro", "type": "D"}, {"time": 343, "station": "Tigre", "type": "A"}], "demand": [500]},
"2": {"stops": [{"time": 304, "station": "Retiro", "type": "D"}, {"time": 358, "station": "Tigre", "type": "A"}], "demand": [500]}, 
"3": {"stops": [{"time": 245, "station": "Tigre", "type": "D"}, {"time": 299, "station": "Retiro", "type": "A"}], "demand": [500]}, 
"4": {"stops": [{"time": 260, "station": "Tigre", "type": "D"}, {"time": 314, "station": "Retiro", "type": "A"}], "demand": [500]}}, 

"stations": ["Tigre", "Retiro"], 

"cost_per_unit": {"Tigre": 1.0, "Retiro": 1.0}, 

"rs_info": {"capacity": 100, "max_rs": 25}}