{"services": {"0": {"stops": [{"time": 324, "station": "Retiro", "type": "D"}, {"time": 348, "station": "Tigre", "type": "A"}], "demand": [441]}, "1": {"stops": [{"time": 427, "station": "Tigre", "type": "D"}, {"time": 451, "station": "Retiro", "type": "A"}], "demand": [660]}, "2": {"stops": [{"time": 306, "station": "Retiro", "type": "D"}, {"time": 330, "station": "Tigre", "type": "A"}], "demand": [462]}, "3": {"stops": [{"time": 398, "station": "Tigre", "type": "D"}, {"time": 422, "station": "Retiro", "type": "A"}], "demand": [236]}}, "stations": ["Retiro", "Tigre"], "cost_per_unit": {"Tigre": 1.0, "Retiro": 1.0}, "rs_info": {"capacity": 100, "max_rs": 15}}