{"services": {"0": {"stops": [{"time": 321, "station": "Retiro", "type": "D"}, {"time": 345, "station": "Tigre", "type": "A"}], "demand": [588]}, "1": {"stops": [{"time": 400, "station": "Tigre", "type": "D"}, {"time": 424, "station": "Retiro", "type": "A"}], "demand": [705]}, "2": {"stops": [{"time": 281, "station": "Retiro", "type": "D"}, {"time": 305, "station": "Tigre", "type": "A"}], "demand": [222]}, "3": {"stops": [{"time": 394, "station": "Tigre", "type": "D"}, {"time": 418, "station": "Retiro", "type": "A"}], "demand": [402]}}, "stations": ["Retiro", "Tigre"], "cost_per_unit": {"Tigre": 1.0, "Retiro": 1.0}, "rs_info": {"capacity": 100, "max_rs": 15}}