{"services": {"0": {"stops": [{"time": 297, "station": "Retiro", "type": "D"}, {"time": 321, "station": "Tigre", "type": "A"}], "demand": [0]}, "1": {"stops": [{"time": 425, "station": "Tigre", "type": "D"}, {"time": 449, "station": "Retiro", "type": "A"}], "demand": [554]}, "2": {"stops": [{"time": 308, "station": "Retiro", "type": "D"}, {"time": 332, "station": "Tigre", "type": "A"}], "demand": [812]}, "3": {"stops": [{"time": 447, "station": "Tigre", "type": "D"}, {"time": 471, "station": "Retiro", "type": "A"}], "demand": [482]}}, "stations": ["Retiro", "Tigre"], "cost_per_unit": {"Tigre": 1.0, "Retiro": 1.0}, "rs_info": {"capacity": 100, "max_rs": 15}}