{"services": {"0": {"stops": [{"time": 282, "station": "Retiro", "type": "D"}, {"time": 306, "station": "Tigre", "type": "A"}], "demand": [1109]}, "1": {"stops": [{"time": 429, "station": "Tigre", "type": "D"}, {"time": 453, "station": "Retiro", "type": "A"}], "demand": [779]}, "2": {"stops": [{"time": 527, "station": "Retiro", "type": "D"}, {"time": 551, "station": "Tigre", "type": "A"}], "demand": [1055]}, "3": {"stops": [{"time": 688, "station": "Tigre", "type": "D"}, {"time": 712, "station": "Retiro", "type": "A"}], "demand": [835]}, "4": {"stops": [{"time": 771, "station": "Retiro", "type": "D"}, {"time": 795, "station": "Tigre", "type": "A"}], "demand": [1033]}, "5": {"stops": [{"time": 300, "station": "Tigre", "type": "D"}, {"time": 324, "station": "Retiro", "type": "A"}], "demand": [1338]}, "6": {"stops": [{"time": 425, "station": "Retiro", "type": "D"}, {"time": 449, "station": "Tigre", "type": "A"}], "demand": [1026]}, "7": {"stops": [{"time": 561, "station": "Tigre", "type": "D"}, {"time": 585, "station": "Retiro", "type": "A"}], "demand": [891]}, "8": {"stops": [{"time": 662, "station": "Retiro", "type": "D"}, {"time": 686, "station": "Tigre", "type": "A"}], "demand": [825]}, "9": {"stops": [{"time": 809, "station": "Tigre", "type": "D"}, {"time": 833, "station": "Retiro", "type": "A"}], "demand": [1000]}}, "stations": ["Retiro", "Tigre"], "cost_per_unit": {"Tigre": 1.0, "Retiro": 1.0}, "rs_info": {"capacity": 100, "max_rs": 25}}