{"services": {"0": {"stops": [{"time": 310, "station": "Retiro", "type": "D"}, {"time": 334, "station": "Tigre", "type": "A"}], "demand": [955]}, "1": {"stops": [{"time": 415, "station": "Tigre", "type": "D"}, {"time": 439, "station": "Retiro", "type": "A"}], "demand": [703]}, "2": {"stops": [{"time": 539, "station": "Retiro", "type": "D"}, {"time": 563, "station": "Tigre", "type": "A"}], "demand": [1008]}, "3": {"stops": [{"time": 673, "station": "Tigre", "type": "D"}, {"time": 697, "station": "Retiro", "type": "A"}], "demand": [1000]}, "4": {"stops": [{"time": 776, "station": "Retiro", "type": "D"}, {"time": 800, "station": "Tigre", "type": "A"}], "demand": [1085]}, "5": {"stops": [{"time": 281, "station": "Tigre", "type": "D"}, {"time": 305, "station": "Retiro", "type": "A"}], "demand": [767]}, "6": {"stops": [{"time": 443, "station": "Retiro", "type": "D"}, {"time": 467, "station": "Tigre", "type": "A"}], "demand": [1325]}, "7": {"stops": [{"time": 527, "station": "Tigre", "type": "D"}, {"time": 551, "station": "Retiro", "type": "A"}], "demand": [1031]}, "8": {"stops": [{"time": 637, "station": "Retiro", "type": "D"}, {"time": 661, "station": "Tigre", "type": "A"}], "demand": [929]}, "9": {"stops": [{"time": 772, "station": "Tigre", "type": "D"}, {"time": 796, "station": "Retiro", "type": "A"}], "demand": [944]}}, "stations": ["Retiro", "Tigre"], "cost_per_unit": {"Tigre": 1.0, "Retiro": 1.0}, "rs_info": {"capacity": 100, "max_rs": 25}}