{"services": {"4100": {"stops": [{"time": 350, "station": "Cabred", "type": "D"}, {"time": 374, "station": "Pilar", "type": "A"}], "demand": [500]}, "4102": {"stops": [{"time": 442, "station": "Cabred", "type": "D"}, {"time": 456, "station": "Pilar", "type": "A"}], "demand": [500]}, "4104": {"stops": [{"time": 543, "station": "Cabred", "type": "D"}, {"time": 567, "station": "Pilar", "type": "A"}], "demand": [500]}, "4106": {"stops": [{"time": 649, "station": "Cabred", "type": "D"}, {"time": 673, "station": "Pilar", "type": "A"}], "demand": [500]}, "4108": {"stops": [{"time": 750, "station": "Cabred", "type": "D"}, {"time": 774, "station": "Pilar", "type": "A"}], "demand": [500]}, "4110": {"stops": [{"time": 834, "station": "Cabred", "type": "D"}, {"time": 858, "station": "Pilar", "type": "A"}], "demand": [500]}, "4112": {"stops": [{"time": 917, "station": "Cabred", "type": "D"}, {"time": 941, "station": "Pilar", "type": "A"}], "demand": [500]}, "4114": {"stops": [{"time": 1017, "station": "Cabred", "type": "D"}, {"time": 1041, "station": "Pilar", "type": "A"}], "demand": [500]}, "4116": {"stops": [{"time": 1134, "station": "Cabred", "type": "D"}, {"time": 1158, "station": "Pilar", "type": "A"}], "demand": [500]}, "4118": {"stops": [{"time": 1229, "station": "Cabred", "type": "D"}, {"time": 1253, "station": "Pilar", "type": "A"}], "demand": [500]}, "4120": {"stops": [{"time": 1326, "station": "Cabred", "type": "D"}, {"time": 1350, "station": "Pilar", "type": "A"}], "demand": [500]}, "4101": {"stops": [{"time": 310, "station": "Pilar", "type": "D"}, {"time": 333, "station": "Cabred", "type": "A"}], "demand": [500]}, "4103": {"stops": [{"time": 402, "station": "Pilar", "type": "D"}, {"time": 425, "station": "Cabred", "type": "A"}], "demand": [500]}, "4105": {"stops": [{"time": 498, "station": "Pilar", "type": "D"}, {"time": 521, "station": "Cabred", "type": "A"}], "demand": [500]}, "4107": {"stops": [{"time": 605, "station": "Pilar", "type": "D"}, {"time": 628, "station": "Cabred", "type": "A"}], "demand": [500]}, "4109": {"stops": [{"time": 714, "station": "Pilar", "type": "D"}, {"time": 737, "station": "Cabred", "type": "A"}], "demand": [500]}, "4111": {"stops": [{"time": 795, "station": "Pilar", "type": "D"}, {"time": 818, "station": "Cabred", "type": "A"}], "demand": [500]}, "4113": {"stops": [{"time": 878, "station": "Pilar", "type": "D"}, {"time": 901, "station": "Cabred", "type": "A"}], "demand": [500]}, "4115": {"stops": [{"time": 978, "station": "Pilar", "type": "D"}, {"time": 1001, "station": "Cabred", "type": "A"}], "demand": [500]}, "4117": {"stops": [{"time": 1093, "station": "Pilar", "type": "D"}, {"time": 1116, "station": "Cabred", "type": "A"}], "demand": [500]}, "4119": {"stops": [{"time": 1193, "station": "Pilar", "type": "D"}, {"time": 1216, "station": "Cabred", "type": "A"}], "demand": [500]}, "4121": {"stops": [{"time": 1286, "station": "Pilar", "type": "D"}, {"time": 1309, "station": "Cabred", "type": "A"}], "demand": [500]}}, "stations": ["Pilar", "Cabred"], "cost_per_unit": {"Pilar": 1.0}, "rs_info": {"capacity": 100, "max_rs": 25}}