{"stations": ["Retiro", "Victoria"], "cost_per_unit": {"Retiro": 1.0, "Victoria": 1.0}, "rs_info": {"capacity": 100, "max_rs": 25}, "services": {"3001": {"stops": [{"time": 295, "station": "Retiro", "type": "D"}, {"time": 346, "station": "Victoria", "type": "A"}], "demand": [500]}, "3003": {"stops": [{"time": 310, "station": "Retiro", "type": "D"}, {"time": 361, "station": "Victoria", "type": "A"}], "demand": [500]}, "3005": {"stops": [{"time": 325, "station": "Retiro", "type": "D"}, {"time": 376, "station": "Victoria", "type": "A"}], "demand": [500]}, "3007": {"stops": [{"time": 340, "station": "Retiro", "type": "D"}, {"time": 391, "station": "Victoria", "type": "A"}], "demand": [500]}, "3009": {"stops": [{"time": 355, "station": "Retiro", "type": "D"}, {"time": 406, "station": "Victoria", "type": "A"}], "demand": [500]}, "3011": {"stops": [{"time": 370, "station": "Retiro", "type": "D"}, {"time": 421, "station": "Victoria", "type": "A"}], "demand": [500]}, "3013": {"stops": [{"time": 385, "station": "Retiro", "type": "D"}, {"time": 436, "station": "Victoria", "type": "A"}], "demand": [500]}, "3015": {"stops": [{"time": 400, "station": "Retiro", "type": "D"}, {"time": 451, "station": "Victoria", "type": "A"}], "demand": [500]}, "3017": {"stops": [{"time": 415, "station": "Retiro", "type": "D"}, {"time": 466, "station": "Victoria", "type": "A"}], "demand": [500]}, "3019": {"stops": [{"time": 430, "station": "Retiro", "type": "D"}, {"time": 481, "station": "Victoria", "type": "A"}], "demand": [500]}, "3021": {"stops": [{"time": 445, "station": "Retiro", "type": "D"}, {"time": 496, "station": "Victoria", "type": "A"}], "demand": [500]}, "3023": {"stops": [{"time": 460, "station": "Retiro", "type": "D"}, {"time": 511, "station": "Victoria", "type": "A"}], "demand": [500]}, "3025": {"stops": [{"time": 475, "station": "Retiro", "type": "D"}, {"time": 526, "station": "Victoria", "type": "A"}], "demand": [500]}, "3027": {"stops": [{"time": 490, "station": "Retiro", "type": "D"}, {"time": 541, "station": "Victoria", "type": "A"}], "demand": [500]}, "3029": {"stops": [{"time": 505, "station": "Retiro", "type": "D"}, {"time": 556, "station": "Victoria", "type": "A"}], "demand": [500]}, "3031": {"stops": [{"time": 520, "station": "Retiro", "type": "D"}, {"time": 571, "station": "Victoria", "type": "A"}], "demand": [500]}, "3033": {"stops": [{"time": 535, "station": "Retiro", "type": "D"}, {"time": 586, "station": "Victoria", "type": "A"}], "demand": [500]}, "3035": {"stops": [{"time": 550, "station": "Retiro", "type": "D"}, {"time": 601, "station": "Victoria", "type": "A"}], "demand": [500]}, "3037": {"stops": [{"time": 565, "station": "Retiro", "type": "D"}, {"time": 616, "station": "Victoria", "type": "A"}], "demand": [500]}, "3039": {"stops": [{"time": 580, "station": "Retiro", "type": "D"}, {"time": 631, "station": "Victoria", "type": "A"}], "demand": [500]}, "3041": {"stops": [{"time": 595, "station": "Retiro", "type": "D"}, {"time": 646, "station": "Victoria", "type": "A"}], "demand": [500]}, "3043": {"stops": [{"time": 610, "station": "Retiro", "type": "D"}, {"time": 661, "station": "Victoria", "type": "A"}], "demand": [500]}, "3045": {"stops": [{"time": 625, "station": "Retiro", "type": "D"}, {"time": 676, "station": "Victoria", "type": "A"}], "demand": [500]}, "3047": {"stops": [{"time": 640, "station": "Retiro", "type": "D"}, {"time": 691, "station": "Victoria", "type": "A"}], "demand": [500]}, "3049": {"stops": [{"time": 657, "station": "Retiro", "type": "D"}, {"time": 708, "station": "Victoria", "type": "A"}], "demand": [500]}, "3051": {"stops": [{"time": 674, "station": "Retiro", "type": "D"}, {"time": 725, "station": "Victoria", "type": "A"}], "demand": [500]}, "3053": {"stops": [{"time": 691, "station": "Retiro", "type": "D"}, {"time": 742, "station": "Victoria", "type": "A"}], "demand": [500]}, "3055": {"stops": [{"time": 708, "station": "Retiro", "type": "D"}, {"time": 759, "station": "Victoria", "type": "A"}], "demand": [500]}, "3057": {"stops": [{"time": 725, "station": "Retiro", "type": "D"}, {"time": 776, "station": "Victoria", "type": "A"}], "demand": [500]}, "3059": {"stops": [{"time": 742, "station": "Retiro", "type": "D"}, {"time": 793, "station": "Victoria", "type": "A"}], "demand": [500]}, "3061": {"stops": [{"time": 759, "station": "Retiro", "type": "D"}, {"time": 810, "station": "Victoria", "type": "A"}], "demand": [500]}, "3063": {"stops": [{"time": 776, "station": "Retiro", "type": "D"}, {"time": 827, "station": "Victoria", "type": "A"}], "demand": [500]}, "3065": {"stops": [{"time": 793, "station": "Retiro", "type": "D"}, {"time": 844, "station": "Victoria", "type": "A"}], "demand": [500]}, "3067": {"stops": [{"time": 810, "station": "Retiro", "type": "D"}, {"time": 861, "station": "Victoria", "type": "A"}], "demand": [500]}, "3069": {"stops": [{"time": 827, "station": "Retiro", "type": "D"}, {"time": 878, "station": "Victoria", "type": "A"}], "demand": [500]}, "3071": {"stops": [{"time": 844, "station": "Retiro", "type": "D"}, {"time": 895, "station": "Victoria", "type": "A"}], "demand": [500]}, "3073": {"stops": [{"time": 861, "station": "Retiro", "type": "D"}, {"time": 912, "station": "Victoria", "type": "A"}], "demand": [500]}, "3075": {"stops": [{"time": 878, "station": "Retiro", "type": "D"}, {"time": 929, "station": "Victoria", "type": "A"}], "demand": [500]}, "3077": {"stops": [{"time": 895, "station": "Retiro", "type": "D"}, {"time": 946, "station": "Victoria", "type": "A"}], "demand": [500]}, "3079": {"stops": [{"time": 912, "station": "Retiro", "type": "D"}, {"time": 963, "station": "Victoria", "type": "A"}], "demand": [500]}, "3081": {"stops": [{"time": 929, "station": "Retiro", "type": "D"}, {"time": 980, "station": "Victoria", "type": "A"}], "demand": [500]}, "3083": {"stops": [{"time": 946, "station": "Retiro", "type": "D"}, {"time": 997, "station": "Victoria", "type": "A"}], "demand": [500]}, "3085": {"stops": [{"time": 963, "station": "Retiro", "type": "D"}, {"time": 1014, "station": "Victoria", "type": "A"}], "demand": [500]}, "3087": {"stops": [{"time": 980, "station": "Retiro", "type": "D"}, {"time": 1031, "station": "Victoria", "type": "A"}], "demand": [500]}, "3089": {"stops": [{"time": 997, "station": "Retiro", "type": "D"}, {"time": 1048, "station": "Victoria", "type": "A"}], "demand": [500]}, "3091": {"stops": [{"time": 1013, "station": "Retiro", "type": "D"}, {"time": 1064, "station": "Victoria", "type": "A"}], "demand": [500]}, "3093": {"stops": [{"time": 1028, "station": "Retiro", "type": "D"}, {"time": 1079, "station": "Victoria", "type": "A"}], "demand": [500]}, "3095": {"stops": [{"time": 1043, "station": "Retiro", "type": "D"}, {"time": 1094, "station": "Victoria", "type": "A"}], "demand": [500]}, "3097": {"stops": [{"time": 1058, "station": "Retiro", "type": "D"}, {"time": 1109, "station": "Victoria", "type": "A"}], "demand": [500]}, "3099": {"stops": [{"time": 1073, "station": "Retiro", "type": "D"}, {"time": 1124, "station": "Victoria", "type": "A"}], "demand": [500]}, "3101": {"stops": [{"time": 1088, "station": "Retiro", "type": "D"}, {"time": 1139, "station": "Victoria", "type": "A"}], "demand": [500]}, "3103": {"stops": [{"time": 1103, "station": "Retiro", "type": "D"}, {"time": 1154, "station": "Victoria", "type": "A"}], "demand": [500]}, "3105": {"stops": [{"time": 1118, "station": "Retiro", "type": "D"}, {"time": 1169, "station": "Victoria", "type": "A"}], "demand": [500]}, "3107": {"stops": [{"time": 1133, "station": "Retiro", "type": "D"}, {"time": 1184, "station": "Victoria", "type": "A"}], "demand": [500]}, "3109": {"stops": [{"time": 1148, "station": "Retiro", "type": "D"}, {"time": 1199, "station": "Victoria", "type": "A"}], "demand": [500]}, "3111": {"stops": [{"time": 1163, "station": "Retiro", "type": "D"}, {"time": 1214, "station": "Victoria", "type": "A"}], "demand": [500]}, "3113": {"stops": [{"time": 1178, "station": "Retiro", "type": "D"}, {"time": 1229, "station": "Victoria", "type": "A"}], "demand": [500]}, "3115": {"stops": [{"time": 1193, "station": "Retiro", "type": "D"}, {"time": 1244, "station": "Victoria", "type": "A"}], "demand": [500]}, "3117": {"stops": [{"time": 1208, "station": "Retiro", "type": "D"}, {"time": 1259, "station": "Victoria", "type": "A"}], "demand": [500]}, "3119": {"stops": [{"time": 1223, "station": "Retiro", "type": "D"}, {"time": 1274, "station": "Victoria", "type": "A"}], "demand": [500]}, "3121": {"stops": [{"time": 1238, "station": "Retiro", "type": "D"}, {"time": 1289, "station": "Victoria", "type": "A"}], "demand": [500]}, "3123": {"stops": [{"time": 1253, "station": "Retiro", "type": "D"}, {"time": 1304, "station": "Victoria", "type": "A"}], "demand": [500]}, "3125": {"stops": [{"time": 1268, "station": "Retiro", "type": "D"}, {"time": 1319, "station": "Victoria", "type": "A"}], "demand": [500]}, "3127": {"stops": [{"time": 1283, "station": "Retiro", "type": "D"}, {"time": 1334, "station": "Victoria", "type": "A"}], "demand": [500]}, "3129": {"stops": [{"time": 1298, "station": "Retiro", "type": "D"}, {"time": 1349, "station": "Victoria", "type": "A"}], "demand": [500]}, "3131": {"stops": [{"time": 1312, "station": "Retiro", "type": "D"}, {"time": 1363, "station": "Victoria", "type": "A"}], "demand": [500]}, "3133": {"stops": [{"time": 1327, "station": "Retiro", "type": "D"}, {"time": 1378, "station": "Victoria", "type": "A"}], "demand": [500]}, "3135": {"stops": [{"time": 1342, "station": "Retiro", "type": "D"}, {"time": 1393, "station": "Victoria", "type": "A"}], "demand": [500]}, "3137": {"stops": [{"time": 1357, "station": "Retiro", "type": "D"}, {"time": 1408, "station": "Victoria", "type": "A"}], "demand": [500]}, "3139": {"stops": [{"time": 1372, "station": "Retiro", "type": "D"}, {"time": 1423, "station": "Victoria", "type": "A"}], "demand": [500]}, "3141": {"stops": [{"time": 1387, "station": "Retiro", "type": "D"}, {"time": 1438, "station": "Victoria", "type": "A"}], "demand": [500]}, "3006": {"stops": [{"time": 267, "station": "Victoria", "type": "D"}, {"time": 317, "station": "Retiro", "type": "A"}], "demand": [500]}, "3008": {"stops": [{"time": 282, "station": "Victoria", "type": "D"}, {"time": 332, "station": "Retiro", "type": "A"}], "demand": [500]}, "3010": {"stops": [{"time": 297, "station": "Victoria", "type": "D"}, {"time": 347, "station": "Retiro", "type": "A"}], "demand": [500]}, "3012": {"stops": [{"time": 312, "station": "Victoria", "type": "D"}, {"time": 362, "station": "Retiro", "type": "A"}], "demand": [500]}, "3014": {"stops": [{"time": 327, "station": "Victoria", "type": "D"}, {"time": 377, "station": "Retiro", "type": "A"}], "demand": [500]}, "3016": {"stops": [{"time": 342, "station": "Victoria", "type": "D"}, {"time": 392, "station": "Retiro", "type": "A"}], "demand": [500]}, "3018": {"stops": [{"time": 357, "station": "Victoria", "type": "D"}, {"time": 407, "station": "Retiro", "type": "A"}], "demand": [500]}, "3020": {"stops": [{"time": 372, "station": "Victoria", "type": "D"}, {"time": 422, "station": "Retiro", "type": "A"}], "demand": [500]}, "3022": {"stops": [{"time": 387, "station": "Victoria", "type": "D"}, {"time": 437, "station": "Retiro", "type": "A"}], "demand": [500]}, "3024": {"stops": [{"time": 402, "station": "Victoria", "type": "D"}, {"time": 452, "station": "Retiro", "type": "A"}], "demand": [500]}, "3026": {"stops": [{"time": 417, "station": "Victoria", "type": "D"}, {"time": 467, "station": "Retiro", "type": "A"}], "demand": [500]}, "3028": {"stops": [{"time": 432, "station": "Victoria", "type": "D"}, {"time": 482, "station": "Retiro", "type": "A"}], "demand": [500]}, "3030": {"stops": [{"time": 447, "station": "Victoria", "type": "D"}, {"time": 497, "station": "Retiro", "type": "A"}], "demand": [500]}, "3032": {"stops": [{"time": 462, "station": "Victoria", "type": "D"}, {"time": 512, "station": "Retiro", "type": "A"}], "demand": [500]}, "3034": {"stops": [{"time": 477, "station": "Victoria", "type": "D"}, {"time": 527, "station": "Retiro", "type": "A"}], "demand": [500]}, "3036": {"stops": [{"time": 492, "station": "Victoria", "type": "D"}, {"time": 542, "station": "Retiro", "type": "A"}], "demand": [500]}, "3038": {"stops": [{"time": 507, "station": "Victoria", "type": "D"}, {"time": 557, "station": "Retiro", "type": "A"}], "demand": [500]}, "3040": {"stops": [{"time": 522, "station": "Victoria", "type": "D"}, {"time": 572, "station": "Retiro", "type": "A"}], "demand": [500]}, "3042": {"stops": [{"time": 537, "station": "Victoria", "type": "D"}, {"time": 587, "station": "Retiro", "type": "A"}], "demand": [500]}, "3044": {"stops": [{"time": 552, "station": "Victoria", "type": "D"}, {"time": 602, "station": "Retiro", "type": "A"}], "demand": [500]}, "3046": {"stops": [{"time": 567, "station": "Victoria", "type": "D"}, {"time": 617, "station": "Retiro", "type": "A"}], "demand": [500]}, "3048": {"stops": [{"time": 582, "station": "Victoria", "type": "D"}, {"time": 632, "station": "Retiro", "type": "A"}], "demand": [500]}, "3050": {"stops": [{"time": 599, "station": "Victoria", "type": "D"}, {"time": 649, "station": "Retiro", "type": "A"}], "demand": [500]}, "3052": {"stops": [{"time": 616, "station": "Victoria", "type": "D"}, {"time": 666, "station": "Retiro", "type": "A"}], "demand": [500]}, "3054": {"stops": [{"time": 632, "station": "Victoria", "type": "D"}, {"time": 682, "station": "Retiro", "type": "A"}], "demand": [500]}, "3056": {"stops": [{"time": 650, "station": "Victoria", "type": "D"}, {"time": 700, "station": "Retiro", "type": "A"}], "demand": [500]}, "3058": {"stops": [{"time": 667, "station": "Victoria", "type": "D"}, {"time": 717, "station": "Retiro", "type": "A"}], "demand": [500]}, "3060": {"stops": [{"time": 684, "station": "Victoria", "type": "D"}, {"time": 734, "station": "Retiro", "type": "A"}], "demand": [500]}, "3062": {"stops": [{"time": 701, "station": "Victoria", "type": "D"}, {"time": 751, "station": "Retiro", "type": "A"}], "demand": [500]}, "3064": {"stops": [{"time": 718, "station": "Victoria", "type": "D"}, {"time": 768, "station": "Retiro", "type": "A"}], "demand": [500]}, "3066": {"stops": [{"time": 735, "station": "Victoria", "type": "D"}, {"time": 785, "station": "Retiro", "type": "A"}], "demand": [500]}, "3068": {"stops": [{"time": 752, "station": "Victoria", "type": "D"}, {"time": 802, "station": "Retiro", "type": "A"}], "demand": [500]}, "3070": {"stops": [{"time": 769, "station": "Victoria", "type": "D"}, {"time": 819, "station": "Retiro", "type": "A"}], "demand": [500]}, "3072": {"stops": [{"time": 786, "station": "Victoria", "type": "D"}, {"time": 836, "station": "Retiro", "type": "A"}], "demand": [500]}, "3074": {"stops": [{"time": 803, "station": "Victoria", "type": "D"}, {"time": 853, "station": "Retiro", "type": "A"}], "demand": [500]}, "3076": {"stops": [{"time": 820, "station": "Victoria", "type": "D"}, {"time": 870, "station": "Retiro", "type": "A"}], "demand": [500]}, "3078": {"stops": [{"time": 837, "station": "Victoria", "type": "D"}, {"time": 887, "station": "Retiro", "type": "A"}], "demand": [500]}, "3080": {"stops": [{"time": 854, "station": "Victoria", "type": "D"}, {"time": 904, "station": "Retiro", "type": "A"}], "demand": [500]}, "3082": {"stops": [{"time": 871, "station": "Victoria", "type": "D"}, {"time": 921, "station": "Retiro", "type": "A"}], "demand": [500]}, "3084": {"stops": [{"time": 888, "station": "Victoria", "type": "D"}, {"time": 938, "station": "Retiro", "type": "A"}], "demand": [500]}, "3086": {"stops": [{"time": 905, "station": "Victoria", "type": "D"}, {"time": 955, "station": "Retiro", "type": "A"}], "demand": [500]}, "3088": {"stops": [{"time": 922, "station": "Victoria", "type": "D"}, {"time": 972, "station": "Retiro", "type": "A"}], "demand": [500]}, "3090": {"stops": [{"time": 939, "station": "Victoria", "type": "D"}, {"time": 989, "station": "Retiro", "type": "A"}], "demand": [500]}, "3092": {"stops": [{"time": 955, "station": "Victoria", "type": "D"}, {"time": 1005, "station": "Retiro", "type": "A"}], "demand": [500]}, "3094": {"stops": [{"time": 970, "station": "Victoria", "type": "D"}, {"time": 1020, "station": "Retiro", "type": "A"}], "demand": [500]}, "3096": {"stops": [{"time": 985, "station": "Victoria", "type": "D"}, {"time": 1035, "station": "Retiro", "type": "A"}], "demand": [500]}, "3098": {"stops": [{"time": 1000, "station": "Victoria", "type": "D"}, {"time": 1050, "station": "Retiro", "type": "A"}], "demand": [500]}, "3100": {"stops": [{"time": 1015, "station": "Victoria", "type": "D"}, {"time": 1065, "station": "Retiro", "type": "A"}], "demand": [500]}, "3102": {"stops": [{"time": 1028, "station": "Victoria", "type": "D"}, {"time": 1078, "station": "Retiro", "type": "A"}], "demand": [500]}, "3104": {"stops": [{"time": 1045, "station": "Victoria", "type": "D"}, {"time": 1095, "station": "Retiro", "type": "A"}], "demand": [500]}, "3106": {"stops": [{"time": 1060, "station": "Victoria", "type": "D"}, {"time": 1110, "station": "Retiro", "type": "A"}], "demand": [500]}, "3108": {"stops": [{"time": 1075, "station": "Victoria", "type": "D"}, {"time": 1125, "station": "Retiro", "type": "A"}], "demand": [500]}, "3110": {"stops": [{"time": 1090, "station": "Victoria", "type": "D"}, {"time": 1140, "station": "Retiro", "type": "A"}], "demand": [500]}, "3112": {"stops": [{"time": 1105, "station": "Victoria", "type": "D"}, {"time": 1155, "station": "Retiro", "type": "A"}], "demand": [500]}, "3114": {"stops": [{"time": 1120, "station": "Victoria", "type": "D"}, {"time": 1170, "station": "Retiro", "type": "A"}], "demand": [500]}, "3116": {"stops": [{"time": 1135, "station": "Victoria", "type": "D"}, {"time": 1185, "station": "Retiro", "type": "A"}], "demand": [500]}, "3118": {"stops": [{"time": 1150, "station": "Victoria", "type": "D"}, {"time": 1200, "station": "Retiro", "type": "A"}], "demand": [500]}, "3120": {"stops": [{"time": 1165, "station": "Victoria", "type": "D"}, {"time": 1215, "station": "Retiro", "type": "A"}], "demand": [500]}, "3122": {"stops": [{"time": 1180, "station": "Victoria", "type": "D"}, {"time": 1230, "station": "Retiro", "type": "A"}], "demand": [500]}, "3124": {"stops": [{"time": 1195, "station": "Victoria", "type": "D"}, {"time": 1245, "station": "Retiro", "type": "A"}], "demand": [500]}, "3126": {"stops": [{"time": 1210, "station": "Victoria", "type": "D"}, {"time": 1260, "station": "Retiro", "type": "A"}], "demand": [500]}, "3128": {"stops": [{"time": 1225, "station": "Victoria", "type": "D"}, {"time": 1275, "station": "Retiro", "type": "A"}], "demand": [500]}, "3130": {"stops": [{"time": 1240, "station": "Victoria", "type": "D"}, {"time": 1290, "station": "Retiro", "type": "A"}], "demand": [500]}, "3132": {"stops": [{"time": 1255, "station": "Victoria", "type": "D"}, {"time": 1305, "station": "Retiro", "type": "A"}], "demand": [500]}, "3134": {"stops": [{"time": 1270, "station": "Victoria", "type": "D"}, {"time": 1320, "station": "Retiro", "type": "A"}], "demand": [500]}, "3136": {"stops": [{"time": 1285, "station": "Victoria", "type": "D"}, {"time": 1335, "station": "Retiro", "type": "A"}], "demand": [500]}, "3138": {"stops": [{"time": 1300, "station": "Victoria", "type": "D"}, {"time": 1350, "station": "Retiro", "type": "A"}], "demand": [500]}, "3140": {"stops": [{"time": 1315, "station": "Victoria", "type": "D"}, {"time": 1365, "station": "Retiro", "type": "A"}], "demand": [500]}, "3142": {"stops": [{"time": 1330, "station": "Victoria", "type": "D"}, {"time": 1380, "station": "Retiro", "type": "A"}], "demand": [500]}}}