{"services": {"0": {"stops": [{"time": 307, "station": "Retiro", "type": "D"}, {"time": 331, "station": "Tigre", "type": "A"}], "demand": [313]}, "1": {"stops": [{"time": 393, "station": "Tigre", "type": "D"}, {"time": 417, "station": "Retiro", "type": "A"}], "demand": [668]}, "2": {"stops": [{"time": 549, "station": "Retiro", "type": "D"}, {"time": 573, "station": "Tigre", "type": "A"}], "demand": [878]}, "3": {"stops": [{"time": 632, "station": "Tigre", "type": "D"}, {"time": 656, "station": "Retiro", "type": "A"}], "demand": [639]}, "4": {"stops": [{"time": 805, "station": "Retiro", "type": "D"}, {"time": 829, "station": "Tigre", "type": "A"}], "demand": [699]}, "5": {"stops": [{"time": 277, "station": "Tigre", "type": "D"}, {"time": 301, "station": "Retiro", "type": "A"}], "demand": [540]}, "6": {"stops": [{"time": 406, "station": "Retiro", "type": "D"}, {"time": 430, "station": "Tigre", "type": "A"}], "demand": [17]}, "7": {"stops": [{"time": 526, "station": "Tigre", "type": "D"}, {"time": 550, "station": "Retiro", "type": "A"}], "demand": [108]}, "8": {"stops": [{"time": 681, "station": "Retiro", "type": "D"}, {"time": 705, "station": "Tigre", "type": "A"}], "demand": [343]}, "9": {"stops": [{"time": 774, "station": "Tigre", "type": "D"}, {"time": 798, "station": "Retiro", "type": "A"}], "demand": [1127]}}, "stations": ["Retiro", "Tigre"], "cost_per_unit": {"Tigre": 1.0, "Retiro": 1.0}, "rs_info": {"capacity": 100, "max_rs": 25}}