{"services": {"0": {"stops": [{"time": 296, "station": "Retiro", "type": "D"}, {"time": 320, "station": "Tigre", "type": "A"}], "demand": [5]}, "1": {"stops": [{"time": 427, "station": "Tigre", "type": "D"}, {"time": 451, "station": "Retiro", "type": "A"}], "demand": [1157]}, "2": {"stops": [{"time": 546, "station": "Retiro", "type": "D"}, {"time": 570, "station": "Tigre", "type": "A"}], "demand": [656]}, "3": {"stops": [{"time": 683, "station": "Tigre", "type": "D"}, {"time": 707, "station": "Retiro", "type": "A"}], "demand": [819]}, "4": {"stops": [{"time": 794, "station": "Retiro", "type": "D"}, {"time": 818, "station": "Tigre", "type": "A"}], "demand": [619]}, "5": {"stops": [{"time": 288, "station": "Tigre", "type": "D"}, {"time": 312, "station": "Retiro", "type": "A"}], "demand": [519]}, "6": {"stops": [{"time": 402, "station": "Retiro", "type": "D"}, {"time": 426, "station": "Tigre", "type": "A"}], "demand": [787]}, "7": {"stops": [{"time": 540, "station": "Tigre", "type": "D"}, {"time": 564, "station": "Retiro", "type": "A"}], "demand": [701]}, "8": {"stops": [{"time": 682, "station": "Retiro", "type": "D"}, {"time": 706, "station": "Tigre", "type": "A"}], "demand": [357]}, "9": {"stops": [{"time": 752, "station": "Tigre", "type": "D"}, {"time": 776, "station": "Retiro", "type": "A"}], "demand": [622]}}, "stations": ["Retiro", "Tigre"], "cost_per_unit": {"Tigre": 1.0, "Retiro": 1.0}, "rs_info": {"capacity": 100, "max_rs": 25}}