{"services": {"0": {"stops": [{"time": 323, "station": "Retiro", "type": "D"}, {"time": 347, "station": "Tigre", "type": "A"}], "demand": [803]}, "1": {"stops": [{"time": 428, "station": "Tigre", "type": "D"}, {"time": 452, "station": "Retiro", "type": "A"}], "demand": [231]}, "2": {"stops": [{"time": 542, "station": "Retiro", "type": "D"}, {"time": 566, "station": "Tigre", "type": "A"}], "demand": [283]}, "3": {"stops": [{"time": 648, "station": "Tigre", "type": "D"}, {"time": 672, "station": "Retiro", "type": "A"}], "demand": [174]}, "4": {"stops": [{"time": 795, "station": "Retiro", "type": "D"}, {"time": 819, "station": "Tigre", "type": "A"}], "demand": [224]}, "5": {"stops": [{"time": 286, "station": "Tigre", "type": "D"}, {"time": 310, "station": "Retiro", "type": "A"}], "demand": [923]}, "6": {"stops": [{"time": 445, "station": "Retiro", "type": "D"}, {"time": 469, "station": "Tigre", "type": "A"}], "demand": [438]}, "7": {"stops": [{"time": 537, "station": "Tigre", "type": "D"}, {"time": 561, "station": "Retiro", "type": "A"}], "demand": [778]}, "8": {"stops": [{"time": 640, "station": "Retiro", "type": "D"}, {"time": 664, "station": "Tigre", "type": "A"}], "demand": [709]}, "9": {"stops": [{"time": 799, "station": "Tigre", "type": "D"}, {"time": 823, "station": "Retiro", "type": "A"}], "demand": [72]}}, "stations": ["Retiro", "Tigre"], "cost_per_unit": {"Tigre": 1.0, "Retiro": 1.0}, "rs_info": {"capacity": 100, "max_rs": 25}}