{"services": {"0": {"stops": [{"time": 286, "station": "Retiro", "type": "D"}, {"time": 310, "station": "Tigre", "type": "A"}], "demand": [442]}, "1": {"stops": [{"time": 440, "station": "Tigre", "type": "D"}, {"time": 464, "station": "Retiro", "type": "A"}], "demand": [749]}, "2": {"stops": [{"time": 566, "station": "Retiro", "type": "D"}, {"time": 590, "station": "Tigre", "type": "A"}], "demand": [862]}, "3": {"stops": [{"time": 678, "station": "Tigre", "type": "D"}, {"time": 702, "station": "Retiro", "type": "A"}], "demand": [238]}, "4": {"stops": [{"time": 782, "station": "Retiro", "type": "D"}, {"time": 806, "station": "Tigre", "type": "A"}], "demand": [146]}, "5": {"stops": [{"time": 301, "station": "Tigre", "type": "D"}, {"time": 325, "station": "Retiro", "type": "A"}], "demand": [447]}, "6": {"stops": [{"time": 409, "station": "Retiro", "type": "D"}, {"time": 433, "station": "Tigre", "type": "A"}], "demand": [531]}, "7": {"stops": [{"time": 517, "station": "Tigre", "type": "D"}, {"time": 541, "station": "Retiro", "type": "A"}], "demand": [901]}, "8": {"stops": [{"time": 683, "station": "Retiro", "type": "D"}, {"time": 707, "station": "Tigre", "type": "A"}], "demand": [537]}, "9": {"stops": [{"time": 788, "station": "Tigre", "type": "D"}, {"time": 812, "station": "Retiro", "type": "A"}], "demand": [150]}}, "stations": ["Retiro", "Tigre"], "cost_per_unit": {"Tigre": 1.0, "Retiro": 1.0}, "rs_info": {"capacity": 100, "max_rs": 25}}