{"services": {"0": {"stops": [{"time": 274, "station": "Retiro", "type": "D"}, {"time": 298, "station": "Tigre", "type": "A"}], "demand": [606]}, "1": {"stops": [{"time": 411, "station": "Tigre", "type": "D"}, {"time": 435, "station": "Retiro", "type": "A"}], "demand": [164]}, "2": {"stops": [{"time": 517, "station": "Retiro", "type": "D"}, {"time": 541, "station": "Tigre", "type": "A"}], "demand": [167]}, "3": {"stops": [{"time": 680, "station": "Tigre", "type": "D"}, {"time": 704, "station": "Retiro", "type": "A"}], "demand": [706]}, "4": {"stops": [{"time": 779, "station": "Retiro", "type": "D"}, {"time": 803, "station": "Tigre", "type": "A"}], "demand": [329]}, "5": {"stops": [{"time": 297, "station": "Tigre", "type": "D"}, {"time": 321, "station": "Retiro", "type": "A"}], "demand": [306]}, "6": {"stops": [{"time": 445, "station": "Retiro", "type": "D"}, {"time": 469, "station": "Tigre", "type": "A"}], "demand": [353]}, "7": {"stops": [{"time": 557, "station": "Tigre", "type": "D"}, {"time": 581, "station": "Retiro", "type": "A"}], "demand": [613]}, "8": {"stops": [{"time": 635, "station": "Retiro", "type": "D"}, {"time": 659, "station": "Tigre", "type": "A"}], "demand": [521]}, "9": {"stops": [{"time": 798, "station": "Tigre", "type": "D"}, {"time": 822, "station": "Retiro", "type": "A"}], "demand": [363]}}, "stations": ["Retiro", "Tigre"], "cost_per_unit": {"Tigre": 1.0, "Retiro": 1.0}, "rs_info": {"capacity": 100, "max_rs": 25}}