{"services": {"0": {"stops": [{"time": 281, "station": "Retiro", "type": "D"}, {"time": 305, "station": "Tigre", "type": "A"}], "demand": [778]}, "1": {"stops": [{"time": 413, "station": "Tigre", "type": "D"}, {"time": 437, "station": "Retiro", "type": "A"}], "demand": [503]}, "2": {"stops": [{"time": 526, "station": "Retiro", "type": "D"}, {"time": 550, "station": "Tigre", "type": "A"}], "demand": [545]}, "3": {"stops": [{"time": 680, "station": "Tigre", "type": "D"}, {"time": 704, "station": "Retiro", "type": "A"}], "demand": [863]}, "4": {"stops": [{"time": 792, "station": "Retiro", "type": "D"}, {"time": 816, "station": "Tigre", "type": "A"}], "demand": [786]}, "5": {"stops": [{"time": 289, "station": "Tigre", "type": "D"}, {"time": 313, "station": "Retiro", "type": "A"}], "demand": [485]}, "6": {"stops": [{"time": 402, "station": "Retiro", "type": "D"}, {"time": 426, "station": "Tigre", "type": "A"}], "demand": [296]}, "7": {"stops": [{"time": 549, "station": "Tigre", "type": "D"}, {"time": 573, "station": "Retiro", "type": "A"}], "demand": [475]}, "8": {"stops": [{"time": 677, "station": "Retiro", "type": "D"}, {"time": 701, "station": "Tigre", "type": "A"}], "demand": [610]}, "9": {"stops": [{"time": 782, "station": "Tigre", "type": "D"}, {"time": 806, "station": "Retiro", "type": "A"}], "demand": [335]}}, "stations": ["Retiro", "Tigre"], "cost_per_unit": {"Tigre": 1.0, "Retiro": 1.0}, "rs_info": {"capacity": 100, "max_rs": 25}}