{"services": {"0": {"stops": [{"time": 273, "station": "Retiro", "type": "D"}, {"time": 297, "station": "Tigre", "type": "A"}], "demand": [348]}, "1": {"stops": [{"time": 409, "station": "Tigre", "type": "D"}, {"time": 433, "station": "Retiro", "type": "A"}], "demand": [796]}, "2": {"stops": [{"time": 525, "station": "Retiro", "type": "D"}, {"time": 549, "station": "Tigre", "type": "A"}], "demand": [239]}, "3": {"stops": [{"time": 666, "station": "Tigre", "type": "D"}, {"time": 690, "station": "Retiro", "type": "A"}], "demand": [620]}, "4": {"stops": [{"time": 795, "station": "Retiro", "type": "D"}, {"time": 819, "station": "Tigre", "type": "A"}], "demand": [648]}, "5": {"stops": [{"time": 325, "station": "Tigre", "type": "D"}, {"time": 349, "station": "Retiro", "type": "A"}], "demand": [504]}, "6": {"stops": [{"time": 438, "station": "Retiro", "type": "D"}, {"time": 462, "station": "Tigre", "type": "A"}], "demand": [270]}, "7": {"stops": [{"time": 561, "station": "Tigre", "type": "D"}, {"time": 585, "station": "Retiro", "type": "A"}], "demand": [511]}, "8": {"stops": [{"time": 635, "station": "Retiro", "type": "D"}, {"time": 659, "station": "Tigre", "type": "A"}], "demand": [712]}, "9": {"stops": [{"time": 799, "station": "Tigre", "type": "D"}, {"time": 823, "station": "Retiro", "type": "A"}], "demand": [665]}}, "stations": ["Retiro", "Tigre"], "cost_per_unit": {"Tigre": 1.0, "Retiro": 1.0}, "rs_info": {"capacity": 100, "max_rs": 25}}