{"services": {"0": {"stops": [{"time": 321, "station": "Retiro", "type": "D"}, {"time": 345, "station": "Tigre", "type": "A"}], "demand": [117]}, "1": {"stops": [{"time": 413, "station": "Tigre", "type": "D"}, {"time": 437, "station": "Retiro", "type": "A"}], "demand": [938]}, "2": {"stops": [{"time": 512, "station": "Retiro", "type": "D"}, {"time": 536, "station": "Tigre", "type": "A"}], "demand": [682]}, "3": {"stops": [{"time": 685, "station": "Tigre", "type": "D"}, {"time": 709, "station": "Retiro", "type": "A"}], "demand": [118]}, "4": {"stops": [{"time": 800, "station": "Retiro", "type": "D"}, {"time": 824, "station": "Tigre", "type": "A"}], "demand": [448]}, "5": {"stops": [{"time": 273, "station": "Tigre", "type": "D"}, {"time": 297, "station": "Retiro", "type": "A"}], "demand": [214]}, "6": {"stops": [{"time": 447, "station": "Retiro", "type": "D"}, {"time": 471, "station": "Tigre", "type": "A"}], "demand": [454]}, "7": {"stops": [{"time": 519, "station": "Tigre", "type": "D"}, {"time": 543, "station": "Retiro", "type": "A"}], "demand": [486]}, "8": {"stops": [{"time": 672, "station": "Retiro", "type": "D"}, {"time": 696, "station": "Tigre", "type": "A"}], "demand": [797]}, "9": {"stops": [{"time": 788, "station": "Tigre", "type": "D"}, {"time": 812, "station": "Retiro", "type": "A"}], "demand": [884]}}, "stations": ["Retiro", "Tigre"], "cost_per_unit": {"Tigre": 1.0, "Retiro": 1.0}, "rs_info": {"capacity": 100, "max_rs": 25}}