{"services": {"0": {"stops": [{"time": 329, "station": "Retiro", "type": "D"}, {"time": 353, "station": "Tigre", "type": "A"}], "demand": [1335]}, "1": {"stops": [{"time": 398, "station": "Tigre", "type": "D"}, {"time": 422, "station": "Retiro", "type": "A"}], "demand": [1622]}, "2": {"stops": [{"time": 515, "station": "Retiro", "type": "D"}, {"time": 539, "station": "Tigre", "type": "A"}], "demand": [1432]}, "3": {"stops": [{"time": 676, "station": "Tigre", "type": "D"}, {"time": 700, "station": "Retiro", "type": "A"}], "demand": [1811]}, "4": {"stops": [{"time": 779, "station": "Retiro", "type": "D"}, {"time": 803, "station": "Tigre", "type": "A"}], "demand": [1538]}, "5": {"stops": [{"time": 301, "station": "Tigre", "type": "D"}, {"time": 325, "station": "Retiro", "type": "A"}], "demand": [1315]}, "6": {"stops": [{"time": 400, "station": "Retiro", "type": "D"}, {"time": 424, "station": "Tigre", "type": "A"}], "demand": [1296]}, "7": {"stops": [{"time": 511, "station": "Tigre", "type": "D"}, {"time": 535, "station": "Retiro", "type": "A"}], "demand": [1382]}, "8": {"stops": [{"time": 676, "station": "Retiro", "type": "D"}, {"time": 700, "station": "Tigre", "type": "A"}], "demand": [1564]}, "9": {"stops": [{"time": 758, "station": "Tigre", "type": "D"}, {"time": 782, "station": "Retiro", "type": "A"}], "demand": [1453]}}, "stations": ["Retiro", "Tigre"], "cost_per_unit": {"Tigre": 1.0, "Retiro": 1.0}, "rs_info": {"capacity": 100, "max_rs": 25}}