{"services": {"0": {"stops": [{"time": 277, "station": "Retiro", "type": "D"}, {"time": 301, "station": "Tigre", "type": "A"}], "demand": [1700]}, "1": {"stops": [{"time": 448, "station": "Tigre", "type": "D"}, {"time": 472, "station": "Retiro", "type": "A"}], "demand": [1733]}, "2": {"stops": [{"time": 541, "station": "Retiro", "type": "D"}, {"time": 565, "station": "Tigre", "type": "A"}], "demand": [1394]}, "3": {"stops": [{"time": 638, "station": "Tigre", "type": "D"}, {"time": 662, "station": "Retiro", "type": "A"}], "demand": [1455]}, "4": {"stops": [{"time": 776, "station": "Retiro", "type": "D"}, {"time": 800, "station": "Tigre", "type": "A"}], "demand": [1437]}, "5": {"stops": [{"time": 320, "station": "Tigre", "type": "D"}, {"time": 344, "station": "Retiro", "type": "A"}], "demand": [1729]}, "6": {"stops": [{"time": 392, "station": "Retiro", "type": "D"}, {"time": 416, "station": "Tigre", "type": "A"}], "demand": [1529]}, "7": {"stops": [{"time": 522, "station": "Tigre", "type": "D"}, {"time": 546, "station": "Retiro", "type": "A"}], "demand": [1469]}, "8": {"stops": [{"time": 630, "station": "Retiro", "type": "D"}, {"time": 654, "station": "Tigre", "type": "A"}], "demand": [1873]}, "9": {"stops": [{"time": 787, "station": "Tigre", "type": "D"}, {"time": 811, "station": "Retiro", "type": "A"}], "demand": [1840]}}, "stations": ["Retiro", "Tigre"], "cost_per_unit": {"Tigre": 1.0, "Retiro": 1.0}, "rs_info": {"capacity": 100, "max_rs": 25}}