{"services": {"0": {"stops": [{"time": 325, "station": "Retiro", "type": "D"}, {"time": 349, "station": "Tigre", "type": "A"}], "demand": [1316]}, "1": {"stops": [{"time": 400, "station": "Tigre", "type": "D"}, {"time": 424, "station": "Retiro", "type": "A"}], "demand": [1465]}, "2": {"stops": [{"time": 533, "station": "Retiro", "type": "D"}, {"time": 557, "station": "Tigre", "type": "A"}], "demand": [1395]}, "3": {"stops": [{"time": 649, "station": "Tigre", "type": "D"}, {"time": 673, "station": "Retiro", "type": "A"}], "demand": [1125]}, "4": {"stops": [{"time": 763, "station": "Retiro", "type": "D"}, {"time": 787, "station": "Tigre", "type": "A"}], "demand": [1587]}, "5": {"stops": [{"time": 285, "station": "Tigre", "type": "D"}, {"time": 309, "station": "Retiro", "type": "A"}], "demand": [1537]}, "6": {"stops": [{"time": 449, "station": "Retiro", "type": "D"}, {"time": 473, "station": "Tigre", "type": "A"}], "demand": [1117]}, "7": {"stops": [{"time": 511, "station": "Tigre", "type": "D"}, {"time": 535, "station": "Retiro", "type": "A"}], "demand": [1543]}, "8": {"stops": [{"time": 678, "station": "Retiro", "type": "D"}, {"time": 702, "station": "Tigre", "type": "A"}], "demand": [1532]}, "9": {"stops": [{"time": 794, "station": "Tigre", "type": "D"}, {"time": 818, "station": "Retiro", "type": "A"}], "demand": [1657]}}, "stations": ["Retiro", "Tigre"], "cost_per_unit": {"Tigre": 1.0, "Retiro": 1.0}, "rs_info": {"capacity": 100, "max_rs": 25}}