{"services": {"0": {"stops": [{"time": 280, "station": "Retiro", "type": "D"}, {"time": 304, "station": "Tigre", "type": "A"}], "demand": [1360]}, "1": {"stops": [{"time": 405, "station": "Tigre", "type": "D"}, {"time": 429, "station": "Retiro", "type": "A"}], "demand": [1173]}, "2": {"stops": [{"time": 557, "station": "Retiro", "type": "D"}, {"time": 581, "station": "Tigre", "type": "A"}], "demand": [1455]}, "3": {"stops": [{"time": 643, "station": "Tigre", "type": "D"}, {"time": 667, "station": "Retiro", "type": "A"}], "demand": [1272]}, "4": {"stops": [{"time": 751, "station": "Retiro", "type": "D"}, {"time": 775, "station": "Tigre", "type": "A"}], "demand": [1685]}, "5": {"stops": [{"time": 324, "station": "Tigre", "type": "D"}, {"time": 348, "station": "Retiro", "type": "A"}], "demand": [1725]}, "6": {"stops": [{"time": 395, "station": "Retiro", "type": "D"}, {"time": 419, "station": "Tigre", "type": "A"}], "demand": [1468]}, "7": {"stops": [{"time": 527, "station": "Tigre", "type": "D"}, {"time": 551, "station": "Retiro", "type": "A"}], "demand": [1443]}, "8": {"stops": [{"time": 650, "station": "Retiro", "type": "D"}, {"time": 674, "station": "Tigre", "type": "A"}], "demand": [1185]}, "9": {"stops": [{"time": 777, "station": "Tigre", "type": "D"}, {"time": 801, "station": "Retiro", "type": "A"}], "demand": [1453]}}, "stations": ["Retiro", "Tigre"], "cost_per_unit": {"Tigre": 1.0, "Retiro": 1.0}, "rs_info": {"capacity": 100, "max_rs": 25}}