{"services": {"0": {"stops": [{"time": 282, "station": "Retiro", "type": "D"}, {"time": 306, "station": "Tigre", "type": "A"}], "demand": [423]}, "1": {"stops": [{"time": 393, "station": "Tigre", "type": "D"}, {"time": 417, "station": "Retiro", "type": "A"}], "demand": [99]}, "2": {"stops": [{"time": 293, "station": "Retiro", "type": "D"}, {"time": 317, "station": "Tigre", "type": "A"}], "demand": [549]}, "3": {"stops": [{"time": 398, "station": "Tigre", "type": "D"}, {"time": 422, "station": "Retiro", "type": "A"}], "demand": [681]}}, "stations": ["Retiro", "Tigre"], "cost_per_unit": {"Tigre": 1.0, "Retiro": 1.0}, "rs_info": {"capacity": 100, "max_rs": 10}}