{"services": {"0": {"stops": [{"time": 277, "station": "Retiro", "type": "D"}, {"time": 301, "station": "Tigre", "type": "A"}], "demand": [1886]}, "1": {"stops": [{"time": 400, "station": "Tigre", "type": "D"}, {"time": 424, "station": "Retiro", "type": "A"}], "demand": [1650]}, "2": {"stops": [{"time": 320, "station": "Retiro", "type": "D"}, {"time": 344, "station": "Tigre", "type": "A"}], "demand": [1916]}, "3": {"stops": [{"time": 421, "station": "Tigre", "type": "D"}, {"time": 445, "station": "Retiro", "type": "A"}], "demand": [2095]}}, "stations": ["Retiro", "Tigre"], "cost_per_unit": {"Tigre": 1.0, "Retiro": 1.0}, "rs_info": {"capacity": 100, "max_rs": 25}}