{"services": {"0": {"stops": [{"time": 298, "station": "Retiro", "type": "D"}, {"time": 322, "station": "Tigre", "type": "A"}], "demand": [1711]}, "1": {"stops": [{"time": 414, "station": "Tigre", "type": "D"}, {"time": 438, "station": "Retiro", "type": "A"}], "demand": [1329]}, "2": {"stops": [{"time": 272, "station": "Retiro", "type": "D"}, {"time": 296, "station": "Tigre", "type": "A"}], "demand": [1935]}, "3": {"stops": [{"time": 406, "station": "Tigre", "type": "D"}, {"time": 430, "station": "Retiro", "type": "A"}], "demand": [1715]}}, "stations": ["Retiro", "Tigre"], "cost_per_unit": {"Tigre": 1.0, "Retiro": 2.0}, "rs_info": {"capacity": 100, "max_rs": 25}}