{"services": {"0": {"stops": [{"time": 311, "station": "Retiro", "type": "D"}, {"time": 335, "station": "Tigre", "type": "A"}], "demand": [253]}, "1": {"stops": [{"time": 438, "station": "Tigre", "type": "D"}, {"time": 462, "station": "Retiro", "type": "A"}], "demand": [161]}, "2": {"stops": [{"time": 534, "station": "Retiro", "type": "D"}, {"time": 558, "station": "Tigre", "type": "A"}], "demand": [159]}, "3": {"stops": [{"time": 664, "station": "Tigre", "type": "D"}, {"time": 688, "station": "Retiro", "type": "A"}], "demand": [319]}, "4": {"stops": [{"time": 769, "station": "Retiro", "type": "D"}, {"time": 793, "station": "Tigre", "type": "A"}], "demand": [262]}, "5": {"stops": [{"time": 270, "station": "Tigre", "type": "D"}, {"time": 294, "station": "Retiro", "type": "A"}], "demand": [284]}, "6": {"stops": [{"time": 422, "station": "Retiro", "type": "D"}, {"time": 446, "station": "Tigre", "type": "A"}], "demand": [243]}, "7": {"stops": [{"time": 526, "station": "Tigre", "type": "D"}, {"time": 550, "station": "Retiro", "type": "A"}], "demand": [360]}, "8": {"stops": [{"time": 675, "station": "Retiro", "type": "D"}, {"time": 699, "station": "Tigre", "type": "A"}], "demand": [160]}, "9": {"stops": [{"time": 769, "station": "Tigre", "type": "D"}, {"time": 793, "station": "Retiro", "type": "A"}], "demand": [361]}}, "stations": ["Retiro", "Tigre"], "cost_per_unit": {"Tigre": 1.0, "Retiro": 1.0}, "rs_info": {"capacity": 100, "max_rs": 5}}