{"services": {"0": {"stops": [{"time": 296, "station": "Retiro", "type": "D"}, {"time": 320, "station": "Tigre", "type": "A"}], "demand": [470]}, "1": {"stops": [{"time": 432, "station": "Tigre", "type": "D"}, {"time": 456, "station": "Retiro", "type": "A"}], "demand": [162]}, "2": {"stops": [{"time": 557, "station": "Retiro", "type": "D"}, {"time": 581, "station": "Tigre", "type": "A"}], "demand": [306]}, "3": {"stops": [{"time": 667, "station": "Tigre", "type": "D"}, {"time": 691, "station": "Retiro", "type": "A"}], "demand": [376]}, "4": {"stops": [{"time": 802, "station": "Retiro", "type": "D"}, {"time": 826, "station": "Tigre", "type": "A"}], "demand": [744]}, "5": {"stops": [{"time": 319, "station": "Tigre", "type": "D"}, {"time": 343, "station": "Retiro", "type": "A"}], "demand": [476]}, "6": {"stops": [{"time": 414, "station": "Retiro", "type": "D"}, {"time": 438, "station": "Tigre", "type": "A"}], "demand": [553]}, "7": {"stops": [{"time": 538, "station": "Tigre", "type": "D"}, {"time": 562, "station": "Retiro", "type": "A"}], "demand": [607]}, "8": {"stops": [{"time": 650, "station": "Retiro", "type": "D"}, {"time": 674, "station": "Tigre", "type": "A"}], "demand": [641]}, "9": {"stops": [{"time": 802, "station": "Tigre", "type": "D"}, {"time": 826, "station": "Retiro", "type": "A"}], "demand": [426]}}, "stations": ["Retiro", "Tigre"], "cost_per_unit": {"Tigre": 1.0, "Retiro": 1.0}, "rs_info": {"capacity": 100, "max_rs": 25}}