{"services": {"0": {"stops": [{"time": 325, "station": "Retiro", "type": "D"}, {"time": 349, "station": "Tigre", "type": "A"}], "demand": [1262]}, "1": {"stops": [{"time": 447, "station": "Tigre", "type": "D"}, {"time": 471, "station": "Retiro", "type": "A"}], "demand": [805]}, "2": {"stops": [{"time": 546, "station": "Retiro", "type": "D"}, {"time": 570, "station": "Tigre", "type": "A"}], "demand": [695]}, "3": {"stops": [{"time": 672, "station": "Tigre", "type": "D"}, {"time": 696, "station": "Retiro", "type": "A"}], "demand": [945]}, "4": {"stops": [{"time": 807, "station": "Retiro", "type": "D"}, {"time": 831, "station": "Tigre", "type": "A"}], "demand": [743]}, "5": {"stops": [{"time": 278, "station": "Tigre", "type": "D"}, {"time": 302, "station": "Retiro", "type": "A"}], "demand": [765]}, "6": {"stops": [{"time": 416, "station": "Retiro", "type": "D"}, {"time": 440, "station": "Tigre", "type": "A"}], "demand": [1124]}, "7": {"stops": [{"time": 546, "station": "Tigre", "type": "D"}, {"time": 570, "station": "Retiro", "type": "A"}], "demand": [703]}, "8": {"stops": [{"time": 658, "station": "Retiro", "type": "D"}, {"time": 682, "station": "Tigre", "type": "A"}], "demand": [754]}, "9": {"stops": [{"time": 791, "station": "Tigre", "type": "D"}, {"time": 815, "station": "Retiro", "type": "A"}], "demand": [933]}}, "stations": ["Retiro", "Tigre"], "cost_per_unit": {"Tigre": 1.0, "Retiro": 1.0}, "rs_info": {"capacity": 100, "max_rs": 25}}