{"services": {"0": {"stops": [{"time": 303, "station": "Retiro", "type": "D"}, {"time": 327, "station": "Tigre", "type": "A"}], "demand": [1306]}, "1": {"stops": [{"time": 407, "station": "Tigre", "type": "D"}, {"time": 431, "station": "Retiro", "type": "A"}], "demand": [1016]}, "2": {"stops": [{"time": 519, "station": "Retiro", "type": "D"}, {"time": 543, "station": "Tigre", "type": "A"}], "demand": [1202]}, "3": {"stops": [{"time": 659, "station": "Tigre", "type": "D"}, {"time": 683, "station": "Retiro", "type": "A"}], "demand": [1045]}, "4": {"stops": [{"time": 807, "station": "Retiro", "type": "D"}, {"time": 831, "station": "Tigre", "type": "A"}], "demand": [958]}, "5": {"stops": [{"time": 302, "station": "Tigre", "type": "D"}, {"time": 326, "station": "Retiro", "type": "A"}], "demand": [744]}, "6": {"stops": [{"time": 403, "station": "Retiro", "type": "D"}, {"time": 427, "station": "Tigre", "type": "A"}], "demand": [1210]}, "7": {"stops": [{"time": 561, "station": "Tigre", "type": "D"}, {"time": 585, "station": "Retiro", "type": "A"}], "demand": [1166]}, "8": {"stops": [{"time": 652, "station": "Retiro", "type": "D"}, {"time": 676, "station": "Tigre", "type": "A"}], "demand": [1138]}, "9": {"stops": [{"time": 754, "station": "Tigre", "type": "D"}, {"time": 778, "station": "Retiro", "type": "A"}], "demand": [808]}}, "stations": ["Retiro", "Tigre"], "cost_per_unit": {"Tigre": 1.0, "Retiro": 1.0}, "rs_info": {"capacity": 100, "max_rs": 25}}