{"services": {"0": {"stops": [{"time": 292, "station": "Retiro", "type": "D"}, {"time": 316, "station": "Tigre", "type": "A"}], "demand": [974]}, "1": {"stops": [{"time": 425, "station": "Tigre", "type": "D"}, {"time": 449, "station": "Retiro", "type": "A"}], "demand": [846]}, "2": {"stops": [{"time": 528, "station": "Retiro", "type": "D"}, {"time": 552, "station": "Tigre", "type": "A"}], "demand": [1130]}, "3": {"stops": [{"time": 661, "station": "Tigre", "type": "D"}, {"time": 685, "station": "Retiro", "type": "A"}], "demand": [1043]}, "4": {"stops": [{"time": 762, "station": "Retiro", "type": "D"}, {"time": 786, "station": "Tigre", "type": "A"}], "demand": [998]}, "5": {"stops": [{"time": 308, "station": "Tigre", "type": "D"}, {"time": 332, "station": "Retiro", "type": "A"}], "demand": [1060]}, "6": {"stops": [{"time": 430, "station": "Retiro", "type": "D"}, {"time": 454, "station": "Tigre", "type": "A"}], "demand": [1057]}, "7": {"stops": [{"time": 516, "station": "Tigre", "type": "D"}, {"time": 540, "station": "Retiro", "type": "A"}], "demand": [980]}, "8": {"stops": [{"time": 667, "station": "Retiro", "type": "D"}, {"time": 691, "station": "Tigre", "type": "A"}], "demand": [1207]}, "9": {"stops": [{"time": 794, "station": "Tigre", "type": "D"}, {"time": 818, "station": "Retiro", "type": "A"}], "demand": [749]}}, "stations": ["Retiro", "Tigre"], "cost_per_unit": {"Tigre": 1.0, "Retiro": 1.0}, "rs_info": {"capacity": 100, "max_rs": 25}}