{"services": {"0": {"stops": [{"time": 328, "station": "Retiro", "type": "D"}, {"time": 352, "station": "Tigre", "type": "A"}], "demand": [1662]}, "1": {"stops": [{"time": 447, "station": "Tigre", "type": "D"}, {"time": 471, "station": "Retiro", "type": "A"}], "demand": [1446]}, "2": {"stops": [{"time": 560, "station": "Retiro", "type": "D"}, {"time": 584, "station": "Tigre", "type": "A"}], "demand": [1825]}, "3": {"stops": [{"time": 649, "station": "Tigre", "type": "D"}, {"time": 673, "station": "Retiro", "type": "A"}], "demand": [1176]}, "4": {"stops": [{"time": 762, "station": "Retiro", "type": "D"}, {"time": 786, "station": "Tigre", "type": "A"}], "demand": [1391]}, "5": {"stops": [{"time": 318, "station": "Tigre", "type": "D"}, {"time": 342, "station": "Retiro", "type": "A"}], "demand": [1647]}, "6": {"stops": [{"time": 426, "station": "Retiro", "type": "D"}, {"time": 450, "station": "Tigre", "type": "A"}], "demand": [1483]}, "7": {"stops": [{"time": 559, "station": "Tigre", "type": "D"}, {"time": 583, "station": "Retiro", "type": "A"}], "demand": [1570]}, "8": {"stops": [{"time": 633, "station": "Retiro", "type": "D"}, {"time": 657, "station": "Tigre", "type": "A"}], "demand": [1789]}, "9": {"stops": [{"time": 772, "station": "Tigre", "type": "D"}, {"time": 796, "station": "Retiro", "type": "A"}], "demand": [1503]}}, "stations": ["Retiro", "Tigre"], "cost_per_unit": {"Tigre": 1.0, "Retiro": 1.0}, "rs_info": {"capacity": 100, "max_rs": 25}}