{"services": {"0": {"stops": [{"time": 296, "station": "Retiro", "type": "D"}, {"time": 320, "station": "Tigre", "type": "A"}], "demand": [1293]}, "1": {"stops": [{"time": 441, "station": "Tigre", "type": "D"}, {"time": 465, "station": "Retiro", "type": "A"}], "demand": [1372]}, "2": {"stops": [{"time": 565, "station": "Retiro", "type": "D"}, {"time": 589, "station": "Tigre", "type": "A"}], "demand": [1419]}, "3": {"stops": [{"time": 632, "station": "Tigre", "type": "D"}, {"time": 656, "station": "Retiro", "type": "A"}], "demand": [1562]}, "4": {"stops": [{"time": 787, "station": "Retiro", "type": "D"}, {"time": 811, "station": "Tigre", "type": "A"}], "demand": [1329]}, "5": {"stops": [{"time": 287, "station": "Tigre", "type": "D"}, {"time": 311, "station": "Retiro", "type": "A"}], "demand": [1543]}, "6": {"stops": [{"time": 393, "station": "Retiro", "type": "D"}, {"time": 417, "station": "Tigre", "type": "A"}], "demand": [1979]}, "7": {"stops": [{"time": 528, "station": "Tigre", "type": "D"}, {"time": 552, "station": "Retiro", "type": "A"}], "demand": [1274]}, "8": {"stops": [{"time": 637, "station": "Retiro", "type": "D"}, {"time": 661, "station": "Tigre", "type": "A"}], "demand": [1398]}, "9": {"stops": [{"time": 790, "station": "Tigre", "type": "D"}, {"time": 814, "station": "Retiro", "type": "A"}], "demand": [1294]}}, "stations": ["Retiro", "Tigre"], "cost_per_unit": {"Tigre": 1.0, "Retiro": 1.0}, "rs_info": {"capacity": 100, "max_rs": 25}}