{"services": {"0": {"stops": [{"time": 304, "station": "Retiro", "type": "D"}, {"time": 328, "station": "Tigre", "type": "A"}], "demand": [1313]}, "1": {"stops": [{"time": 434, "station": "Tigre", "type": "D"}, {"time": 458, "station": "Retiro", "type": "A"}], "demand": [1397]}, "2": {"stops": [{"time": 569, "station": "Retiro", "type": "D"}, {"time": 593, "station": "Tigre", "type": "A"}], "demand": [1804]}, "3": {"stops": [{"time": 648, "station": "Tigre", "type": "D"}, {"time": 672, "station": "Retiro", "type": "A"}], "demand": [1388]}, "4": {"stops": [{"time": 767, "station": "Retiro", "type": "D"}, {"time": 791, "station": "Tigre", "type": "A"}], "demand": [1635]}, "5": {"stops": [{"time": 326, "station": "Tigre", "type": "D"}, {"time": 350, "station": "Retiro", "type": "A"}], "demand": [1465]}, "6": {"stops": [{"time": 414, "station": "Retiro", "type": "D"}, {"time": 438, "station": "Tigre", "type": "A"}], "demand": [1313]}, "7": {"stops": [{"time": 539, "station": "Tigre", "type": "D"}, {"time": 563, "station": "Retiro", "type": "A"}], "demand": [1311]}, "8": {"stops": [{"time": 641, "station": "Retiro", "type": "D"}, {"time": 665, "station": "Tigre", "type": "A"}], "demand": [1473]}, "9": {"stops": [{"time": 757, "station": "Tigre", "type": "D"}, {"time": 781, "station": "Retiro", "type": "A"}], "demand": [1137]}}, "stations": ["Retiro", "Tigre"], "cost_per_unit": {"Tigre": 1.0, "Retiro": 1.0}, "rs_info": {"capacity": 100, "max_rs": 25}}