{"services": {"0": {"stops": [{"time": 302, "station": "Retiro", "type": "D"}, {"time": 326, "station": "Tigre", "type": "A"}], "demand": [1494]}, "1": {"stops": [{"time": 391, "station": "Tigre", "type": "D"}, {"time": 415, "station": "Retiro", "type": "A"}], "demand": [1251]}, "2": {"stops": [{"time": 557, "station": "Retiro", "type": "D"}, {"time": 581, "station": "Tigre", "type": "A"}], "demand": [1555]}, "3": {"stops": [{"time": 684, "station": "Tigre", "type": "D"}, {"time": 708, "station": "Retiro", "type": "A"}], "demand": [1461]}, "4": {"stops": [{"time": 776, "station": "Retiro", "type": "D"}, {"time": 800, "station": "Tigre", "type": "A"}], "demand": [1583]}, "5": {"stops": [{"time": 308, "station": "Tigre", "type": "D"}, {"time": 332, "station": "Retiro", "type": "A"}], "demand": [1485]}, "6": {"stops": [{"time": 416, "station": "Retiro", "type": "D"}, {"time": 440, "station": "Tigre", "type": "A"}], "demand": [1270]}, "7": {"stops": [{"time": 525, "station": "Tigre", "type": "D"}, {"time": 549, "station": "Retiro", "type": "A"}], "demand": [1044]}, "8": {"stops": [{"time": 651, "station": "Retiro", "type": "D"}, {"time": 675, "station": "Tigre", "type": "A"}], "demand": [1777]}, "9": {"stops": [{"time": 788, "station": "Tigre", "type": "D"}, {"time": 812, "station": "Retiro", "type": "A"}], "demand": [1456]}}, "stations": ["Retiro", "Tigre"], "cost_per_unit": {"Tigre": 1.0, "Retiro": 1.0}, "rs_info": {"capacity": 100, "max_rs": 25}}