{"services": {"0": {"stops": [{"time": 306, "station": "Retiro", "type": "D"}, {"time": 330, "station": "Tigre", "type": "A"}], "demand": [1211]}, "1": {"stops": [{"time": 393, "station": "Tigre", "type": "D"}, {"time": 417, "station": "Retiro", "type": "A"}], "demand": [1516]}, "2": {"stops": [{"time": 516, "station": "Retiro", "type": "D"}, {"time": 540, "station": "Tigre", "type": "A"}], "demand": [1229]}, "3": {"stops": [{"time": 687, "station": "Tigre", "type": "D"}, {"time": 711, "station": "Retiro", "type": "A"}], "demand": [1604]}, "4": {"stops": [{"time": 756, "station": "Retiro", "type": "D"}, {"time": 780, "station": "Tigre", "type": "A"}], "demand": [1643]}, "5": {"stops": [{"time": 309, "station": "Tigre", "type": "D"}, {"time": 333, "station": "Retiro", "type": "A"}], "demand": [1518]}, "6": {"stops": [{"time": 410, "station": "Retiro", "type": "D"}, {"time": 434, "station": "Tigre", "type": "A"}], "demand": [1430]}, "7": {"stops": [{"time": 537, "station": "Tigre", "type": "D"}, {"time": 561, "station": "Retiro", "type": "A"}], "demand": [1895]}, "8": {"stops": [{"time": 674, "station": "Retiro", "type": "D"}, {"time": 698, "station": "Tigre", "type": "A"}], "demand": [1211]}, "9": {"stops": [{"time": 808, "station": "Tigre", "type": "D"}, {"time": 832, "station": "Retiro", "type": "A"}], "demand": [1482]}}, "stations": ["Retiro", "Tigre"], "cost_per_unit": {"Tigre": 1.0, "Retiro": 1.0}, "rs_info": {"capacity": 100, "max_rs": 25}}