{"services": {"0": {"stops": [{"time": 293, "station": "Retiro", "type": "D"}, {"time": 317, "station": "Tigre", "type": "A"}], "demand": [1426]}, "1": {"stops": [{"time": 397, "station": "Tigre", "type": "D"}, {"time": 421, "station": "Retiro", "type": "A"}], "demand": [1358]}, "2": {"stops": [{"time": 315, "station": "Retiro", "type": "D"}, {"time": 339, "station": "Tigre", "type": "A"}], "demand": [1868]}, "3": {"stops": [{"time": 421, "station": "Tigre", "type": "D"}, {"time": 445, "station": "Retiro", "type": "A"}], "demand": [2186]}}, "stations": ["Retiro", "Tigre"], "cost_per_unit": {"Tigre": 1.0, "Retiro": 1.0}, "rs_info": {"capacity": 100, "max_rs": 25}}