{"services": {"0": {"stops": [{"time": 319, "station": "Retiro", "type": "D"}, {"time": 343, "station": "Tigre", "type": "A"}], "demand": [1794]}, "1": {"stops": [{"time": 411, "station": "Tigre", "type": "D"}, {"time": 435, "station": "Retiro", "type": "A"}], "demand": [1762]}, "2": {"stops": [{"time": 320, "station": "Retiro", "type": "D"}, {"time": 344, "station": "Tigre", "type": "A"}], "demand": [1860]}, "3": {"stops": [{"time": 432, "station": "Tigre", "type": "D"}, {"time": 456, "station": "Retiro", "type": "A"}], "demand": [1709]}}, "stations": ["Retiro", "Tigre"], "cost_per_unit": {"Tigre": 1.0, "Retiro": 1.0}, "rs_info": {"capacity": 100, "max_rs": 25}}