{"services": {"0": {"stops": [{"time": 307, "station": "Retiro", "type": "D"}, {"time": 331, "station": "Tigre", "type": "A"}], "demand": [1601]}, "1": {"stops": [{"time": 406, "station": "Tigre", "type": "D"}, {"time": 430, "station": "Retiro", "type": "A"}], "demand": [1906]}, "2": {"stops": [{"time": 287, "station": "Retiro", "type": "D"}, {"time": 311, "station": "Tigre", "type": "A"}], "demand": [1372]}, "3": {"stops": [{"time": 399, "station": "Tigre", "type": "D"}, {"time": 423, "station": "Retiro", "type": "A"}], "demand": [2028]}}, "stations": ["Retiro", "Tigre"], "cost_per_unit": {"Tigre": 1.0, "Retiro": 2.0}, "rs_info": {"capacity": 100, "max_rs": 25}}