{"services": {"0": {"stops": [{"time": 292, "station": "Retiro", "type": "D"}, {"time": 316, "station": "Tigre", "type": "A"}], "demand": [1733]}, "1": {"stops": [{"time": 403, "station": "Tigre", "type": "D"}, {"time": 427, "station": "Retiro", "type": "A"}], "demand": [2008]}, "2": {"stops": [{"time": 307, "station": "Retiro", "type": "D"}, {"time": 331, "station": "Tigre", "type": "A"}], "demand": [1885]}, "3": {"stops": [{"time": 399, "station": "Tigre", "type": "D"}, {"time": 423, "station": "Retiro", "type": "A"}], "demand": [1818]}}, "stations": ["Retiro", "Tigre"], "cost_per_unit": {"Tigre": 1.0, "Retiro": 1.0}, "rs_info": {"capacity": 100, "max_rs": 25}}