{"services": {"0": {"stops": [{"time": 306, "station": "Retiro", "type": "D"}, {"time": 330, "station": "Tigre", "type": "A"}], "demand": [2371]}, "1": {"stops": [{"time": 409, "station": "Tigre", "type": "D"}, {"time": 433, "station": "Retiro", "type": "A"}], "demand": [1995]}, "2": {"stops": [{"time": 296, "station": "Retiro", "type": "D"}, {"time": 320, "station": "Tigre", "type": "A"}], "demand": [1908]}, "3": {"stops": [{"time": 404, "station": "Tigre", "type": "D"}, {"time": 428, "station": "Retiro", "type": "A"}], "demand": [2061]}}, "stations": ["Retiro", "Tigre"], "cost_per_unit": {"Tigre": 1.0, "Retiro": 2.0}, "rs_info": {"capacity": 100, "max_rs": 25}}