{"services": {"0": {"stops": [{"time": 281, "station": "Retiro", "type": "D"}, {"time": 305, "station": "Tigre", "type": "A"}], "demand": [1387]}, "1": {"stops": [{"time": 414, "station": "Tigre", "type": "D"}, {"time": 438, "station": "Retiro", "type": "A"}], "demand": [1660]}, "2": {"stops": [{"time": 552, "station": "Retiro", "type": "D"}, {"time": 576, "station": "Tigre", "type": "A"}], "demand": [1698]}, "3": {"stops": [{"time": 639, "station": "Tigre", "type": "D"}, {"time": 663, "station": "Retiro", "type": "A"}], "demand": [1438]}, "4": {"stops": [{"time": 759, "station": "Retiro", "type": "D"}, {"time": 783, "station": "Tigre", "type": "A"}], "demand": [1395]}, "5": {"stops": [{"time": 274, "station": "Tigre", "type": "D"}, {"time": 298, "station": "Retiro", "type": "A"}], "demand": [1435]}, "6": {"stops": [{"time": 405, "station": "Retiro", "type": "D"}, {"time": 429, "station": "Tigre", "type": "A"}], "demand": [1506]}, "7": {"stops": [{"time": 569, "station": "Tigre", "type": "D"}, {"time": 593, "station": "Retiro", "type": "A"}], "demand": [1332]}, "8": {"stops": [{"time": 664, "station": "Retiro", "type": "D"}, {"time": 688, "station": "Tigre", "type": "A"}], "demand": [1432]}, "9": {"stops": [{"time": 794, "station": "Tigre", "type": "D"}, {"time": 818, "station": "Retiro", "type": "A"}], "demand": [1670]}}, "stations": ["Retiro", "Tigre"], "cost_per_unit": {"Tigre": 1.0, "Retiro": 1.0}, "rs_info": {"capacity": 100, "max_rs": 25}}