{"services": {"0": {"stops": [{"time": 298, "station": "Retiro", "type": "D"}, {"time": 322, "station": "Tigre", "type": "A"}], "demand": [1606]}, "1": {"stops": [{"time": 435, "station": "Tigre", "type": "D"}, {"time": 459, "station": "Retiro", "type": "A"}], "demand": [1451]}, "2": {"stops": [{"time": 569, "station": "Retiro", "type": "D"}, {"time": 593, "station": "Tigre", "type": "A"}], "demand": [1731]}, "3": {"stops": [{"time": 680, "station": "Tigre", "type": "D"}, {"time": 704, "station": "Retiro", "type": "A"}], "demand": [1600]}, "4": {"stops": [{"time": 772, "station": "Retiro", "type": "D"}, {"time": 796, "station": "Tigre", "type": "A"}], "demand": [1597]}, "5": {"stops": [{"time": 311, "station": "Tigre", "type": "D"}, {"time": 335, "station": "Retiro", "type": "A"}], "demand": [1591]}, "6": {"stops": [{"time": 430, "station": "Retiro", "type": "D"}, {"time": 454, "station": "Tigre", "type": "A"}], "demand": [1605]}, "7": {"stops": [{"time": 562, "station": "Tigre", "type": "D"}, {"time": 586, "station": "Retiro", "type": "A"}], "demand": [1539]}, "8": {"stops": [{"time": 634, "station": "Retiro", "type": "D"}, {"time": 658, "station": "Tigre", "type": "A"}], "demand": [1450]}, "9": {"stops": [{"time": 759, "station": "Tigre", "type": "D"}, {"time": 783, "station": "Retiro", "type": "A"}], "demand": [1801]}}, "stations": ["Retiro", "Tigre"], "cost_per_unit": {"Tigre": 1.0, "Retiro": 1.0}, "rs_info": {"capacity": 100, "max_rs": 25}}