{"services": {"0": {"stops": [{"time": 321, "station": "Retiro", "type": "D"}, {"time": 345, "station": "Tigre", "type": "A"}], "demand": [1487]}, "1": {"stops": [{"time": 444, "station": "Tigre", "type": "D"}, {"time": 468, "station": "Retiro", "type": "A"}], "demand": [1616]}, "2": {"stops": [{"time": 524, "station": "Retiro", "type": "D"}, {"time": 548, "station": "Tigre", "type": "A"}], "demand": [1410]}, "3": {"stops": [{"time": 635, "station": "Tigre", "type": "D"}, {"time": 659, "station": "Retiro", "type": "A"}], "demand": [1456]}, "4": {"stops": [{"time": 765, "station": "Retiro", "type": "D"}, {"time": 789, "station": "Tigre", "type": "A"}], "demand": [1555]}, "5": {"stops": [{"time": 291, "station": "Tigre", "type": "D"}, {"time": 315, "station": "Retiro", "type": "A"}], "demand": [1885]}, "6": {"stops": [{"time": 446, "station": "Retiro", "type": "D"}, {"time": 470, "station": "Tigre", "type": "A"}], "demand": [1080]}, "7": {"stops": [{"time": 531, "station": "Tigre", "type": "D"}, {"time": 555, "station": "Retiro", "type": "A"}], "demand": [1588]}, "8": {"stops": [{"time": 642, "station": "Retiro", "type": "D"}, {"time": 666, "station": "Tigre", "type": "A"}], "demand": [1441]}, "9": {"stops": [{"time": 781, "station": "Tigre", "type": "D"}, {"time": 805, "station": "Retiro", "type": "A"}], "demand": [1786]}}, "stations": ["Retiro", "Tigre"], "cost_per_unit": {"Tigre": 1.0, "Retiro": 1.0}, "rs_info": {"capacity": 100, "max_rs": 25}}