{"services": {"0": {"stops": [{"time": 321, "station": "Retiro", "type": "D"}, {"time": 345, "station": "Tigre", "type": "A"}], "demand": [1344]}, "1": {"stops": [{"time": 417, "station": "Tigre", "type": "D"}, {"time": 441, "station": "Retiro", "type": "A"}], "demand": [1465]}, "2": {"stops": [{"time": 518, "station": "Retiro", "type": "D"}, {"time": 542, "station": "Tigre", "type": "A"}], "demand": [1460]}, "3": {"stops": [{"time": 630, "station": "Tigre", "type": "D"}, {"time": 654, "station": "Retiro", "type": "A"}], "demand": [1608]}, "4": {"stops": [{"time": 795, "station": "Retiro", "type": "D"}, {"time": 819, "station": "Tigre", "type": "A"}], "demand": [1561]}, "5": {"stops": [{"time": 273, "station": "Tigre", "type": "D"}, {"time": 297, "station": "Retiro", "type": "A"}], "demand": [1690]}, "6": {"stops": [{"time": 418, "station": "Retiro", "type": "D"}, {"time": 442, "station": "Tigre", "type": "A"}], "demand": [1424]}, "7": {"stops": [{"time": 564, "station": "Tigre", "type": "D"}, {"time": 588, "station": "Retiro", "type": "A"}], "demand": [1372]}, "8": {"stops": [{"time": 634, "station": "Retiro", "type": "D"}, {"time": 658, "station": "Tigre", "type": "A"}], "demand": [1427]}, "9": {"stops": [{"time": 754, "station": "Tigre", "type": "D"}, {"time": 778, "station": "Retiro", "type": "A"}], "demand": [1291]}}, "stations": ["Retiro", "Tigre"], "cost_per_unit": {"Tigre": 1.0, "Retiro": 1.0}, "rs_info": {"capacity": 100, "max_rs": 25}}